"Index","Name","Url","FinalGrade","FunctionalClass","ResultTiles","TestedCategory","NetworkClass1","Status1","NetworkClass2","Status2","FinalUrl","Error"
"1","腾讯漫画（正版）","https://m.ac.qq.com","可用","BrowseWorks","15","条漫","Reachable","200","Reachable","200","https://m.ac.qq.com/",""
"2","再漫画","https://manhua.zaimanhua.com","可用","BrowseWorks","20","最新更新","Reachable","200","Reachable","200","https://manhua.zaimanhua.com/",""
"3","漫漫漫画（正版）","https://m.manmanapp.com","可用","BrowseWorks","10","恋爱","Reachable","200","Reachable","200","https://m.manmanapp.com/",""
"4","漫漫漫画（PC）","https://www.manmanapp.com","可用","BrowseWorks","20","全部","Reachable","200","Reachable","200","https://www.manmanapp.com/",""
"5","爱奇艺漫画（正版）","https://www.iqiyi.com/manhua","部分可用","NoResultsOrError","0","最新更新","Reachable","302","Reachable","302","https://www.iqiyi.com/manhua",""
"6","Toptoon（正版）","https://www.toptoon.net","部分可用","NoResultsOrError","0","免费/特价","Reachable","200","Reachable","200","https://www.toptoon.net/",""
"7","搜漫","https://www.hisoman.com","可用","BrowseWorks","10","少女","Reachable","200","Reachable","200","https://www.hisoman.com/",""
"8","免费漫画全集（APP）","https://c.myshanxun.com","失效","NotTestedNoCategory","0","","Dead","","Dead","","https://c.myshanxun.com","System.Management.Automation.MethodInvocationException: Exception calling ""GetResult"" with ""0"" argument(s): ""The request was canceled due to the configured HttpClient.Timeout of 12 seconds elapsing.""
 ---> System.Threading.Tasks.TaskCanceledException: The request was canceled due to the configured HttpClient.Timeout of 12 seconds elapsing.
 ---> System.TimeoutException: A task was canceled.
 ---> System.Threading.Tasks.TaskCanceledException: A task was canceled.
   at System.Threading.Tasks."
"9","极速漫画","http://m.1kkk.com","可用","BrowseWorks","20","全部","Reachable","200","Reachable","200","https://m.1kkk.com/",""
"10","极速漫画（PC）","http://www.1kkk.com","可用","BrowseWorks","20","全部","Reachable","200","Reachable","200","https://m.1kkk.com/",""
"11","漫画人","http://www.manhuaren.com","可用","BrowseWorks","20","热门","Reachable","200","Reachable","200","https://www.manhuaren.com/",""
"12","图库漫画","https://www.tuku.cc","可用","BrowseWorks","20","更新","Reachable","200","Reachable","200","https://www.tuku.cc/",""
"13","733动漫","https://73mh.app","可用","BrowseWorks","20","总点击","Blocked","","Blocked","","https://73mh.app","System.Management.Automation.MethodInvocationException: Exception calling ""GetResult"" with ""0"" argument(s): ""An error occurred while sending the request.""
 ---> System.Net.Http.HttpRequestException: An error occurred while sending the request.
 ---> System.Net.Http.HttpIOException: The response ended prematurely. (ResponseEnded)
   at System.Net.Http.HttpConnection.SendAsync(HttpRequestMessage request, Boolean async, CancellationToken cancellationToken)
   --- End of inner exception stack tr"
"14","布卡漫画","https://www.bukamh.com","可用","BrowseWorks","20","最新","Reachable","200","Reachable","200","https://www.bukamh.com/",""
"15","古风漫画","https://www.gfmh.app","可用","BrowseWorks","16","全部","Reachable","200","Reachable","200","https://www.gfmh.app/",""
"16","追漫画","http://www.ycymh.com","可用","BrowseWorks","20","更新","Reachable","200","Reachable","200","https://www.ycymh.com/",""
"17","漫蛙","https://manwaqj.cc","可用","BrowseWorks","15","更新","Dead","404","Dead","404","https://manwaqj.cc/",""
"18","漫蛙防走失","https://manwaqg.cc","可用","SearchWorks","25","真理面具","Dead","404","Dead","404","https://manwaqg.cc/",""
"19","漫蛙AI","https://manwa.me","可用","SearchWorks","25","真理面具","Blocked","403","Blocked","403","https://manwa.me/",""
"20","喵趣漫画","https://www.miaoqumh.org","可用","BrowseWorks","20","首页","Blocked","200","Blocked","200","https://www.miaoqumh.org/",""
"21","漫画之家","http://www.mhzj54.com","部分可用","NoResultsOrError","0","热血","Reachable","200","Reachable","200","http://www.mhzj54.com/",""
"22","七夕漫画","https://www.qiximanhua.com","可用","BrowseWorks","20","更新","Reachable","200","Reachable","200","https://www.qiximanhua.com/",""
"23","漫画星球","https://www.comichare.com","失效","SkippedNetwork","0","主页","Dead","","Dead","","https://www.comichare.com","System.Management.Automation.MethodInvocationException: Exception calling ""GetResult"" with ""0"" argument(s): ""The SSL connection could not be established, see inner exception.""
 ---> System.Net.Http.HttpRequestException: The SSL connection could not be established, see inner exception.
 ---> System.IO.IOException: Received an unexpected EOF or 0 bytes from the transport stream.
   at System.Net.Security.SslStream.ReceiveHandshakeFrameAsync[TIOAdapter](CancellationToken cancellationToken)
   a"
"24","如漫画","https://m.rumanhua2.com","失效","SkippedNetwork","0","精品榜","Dead","","Dead","","https://m.rumanhua2.com","System.Management.Automation.MethodInvocationException: Exception calling ""GetResult"" with ""0"" argument(s): ""The SSL connection could not be established, see inner exception.""
 ---> System.Net.Http.HttpRequestException: The SSL connection could not be established, see inner exception.
 ---> System.Security.Authentication.AuthenticationException: The remote certificate is invalid according to the validation procedure: RemoteCertificateNameMismatch
   at System.Net.Security.SslStream.CompleteHa"
"25","读漫屋","http://m.dumanwu1.com","可用","BrowseWorks","20","精品榜","Reachable","200","Reachable","200","http://m.dumanwu1.com/",""
"26","仙漫画","https://m.xianmanwang.com","失效","NoResultsOrError","0","全部","Dead","","Dead","","https://m.xianmanwang.com","System.Management.Automation.MethodInvocationException: Exception calling ""GetResult"" with ""0"" argument(s): ""The SSL connection could not be established, see inner exception.""
 ---> System.Net.Http.HttpRequestException: The SSL connection could not be established, see inner exception.
 ---> System.IO.IOException: Received an unexpected EOF or 0 bytes from the transport stream.
   at System.Net.Security.SslStream.ReceiveHandshakeFrameAsync[TIOAdapter](CancellationToken cancellationToken)
   a"
"27","仙漫画（PC）","https://www.xianmanwang.com","部分可用","NoResultsOrError","0","全部","Blocked","403","Blocked","403","https://www.xianmanwang.com/",""
"28","野蛮漫画","https://yemancomic.com","可用","BrowseWorks","20","连载中","Reachable","200","Reachable","200","https://yemancomic.com/",""
"29","漫神漫画","https://m.mhkami.com","可用","BrowseWorks","20","连载中","Reachable","200","Reachable","200","https://m.mhkami.com/",""
"30","YYDS漫画","https://www.yydsmh.com","可用","BrowseWorks","20","连载中","Reachable","200","Reachable","200","https://www.yydsmh.com/",""
"31","次元漫画","https://2cycomic.com","部分可用","NoResultsOrError","0","连载中","Reachable","200","Reachable","200","https://2cycomic.com/",""
"32","最次元","http://zcymh.com","部分可用","NoResultsOrError","0","全部","Reachable","200","Reachable","200","http://zcymh.com/",""
"33","番木瓜漫画","http://www.1fbm.com","失效","SkippedNetwork","0","连载中","Dead","","Dead","","http://www.1fbm.com","System.Management.Automation.MethodInvocationException: Exception calling ""GetResult"" with ""0"" argument(s): ""The request was canceled due to the configured HttpClient.Timeout of 12 seconds elapsing.""
 ---> System.Threading.Tasks.TaskCanceledException: The request was canceled due to the configured HttpClient.Timeout of 12 seconds elapsing.
 ---> System.TimeoutException: The operation was canceled.
 ---> System.Threading.Tasks.TaskCanceledException: The operation was canceled.
 ---> System.IO"
"34","CC178漫画","https://cc178.cn","部分可用","NoResultsOrError","0","连载中","Reachable","200","Reachable","200","https://cc178.cn/",""
"35","多漫吧","https://www.duomanba.com","部分可用","NoResultsOrError","0","总点击","Reachable","200","Reachable","200","https://aaabbb.72.chat/8d/?duomanba.com",""
"36","毒牙漫画","https://www.duya.cc","部分可用","NoResultsOrError","0","全部","Reachable","200","Reachable","200","https://www.duya.cc/",""
"37","羞羞漫画","http://www.xiuxmanhua.com","部分可用","SkippedNetwork","0","总点击","Reachable","200","Reachable","200","http://www.xiuxmanhua.com/",""
"38","潇潇漫画","http://www.xiaocunwai.com","部分可用","NoResultsOrError","0","总点击","Blocked","403","Blocked","403","https://www.xiaocunwai.com/",""
"39","漫画屋","https://www.mh5.xyz","失效","SkippedNetwork","0","更新","Dead","","Dead","","https://www.mh5.xyz","System.Management.Automation.MethodInvocationException: Exception calling ""GetResult"" with ""0"" argument(s): ""The SSL connection could not be established, see inner exception.""
 ---> System.Net.Http.HttpRequestException: The SSL connection could not be established, see inner exception.
 ---> System.IO.IOException: Received an unexpected EOF or 0 bytes from the transport stream.
   at System.Net.Security.SslStream.ReceiveHandshakeFrameAsync[TIOAdapter](CancellationToken cancellationToken)
   a"
"40","哩咔漫画","http://www.likamanhua.com","部分可用","NoResultsOrError","0","总点击","Blocked","","Blocked","","http://www.likamanhua.com","System.Management.Automation.MethodInvocationException: Exception calling ""GetResult"" with ""0"" argument(s): ""An error occurred while sending the request.""
 ---> System.Net.Http.HttpRequestException: An error occurred while sending the request.
 ---> System.Net.Http.HttpIOException: The response ended prematurely. (ResponseEnded)
   at System.Net.Http.HttpConnection.SendAsync(HttpRequestMessage request, Boolean async, CancellationToken cancellationToken)
   --- End of inner exception stack tr"
"41","歪歪漫画","http://m.waiwaimhx.com","部分可用","NoResultsOrError","0","总点击","Reachable","200","Reachable","200","https://m.waiwaimhx.com/",""
"42","全本漫画","http://www.zhichengxuan.com","部分可用","NoResultsOrError","0","韩漫","Blocked","","Blocked","","http://www.zhichengxuan.com","System.Management.Automation.MethodInvocationException: Exception calling ""GetResult"" with ""0"" argument(s): ""An error occurred while sending the request.""
 ---> System.Net.Http.HttpRequestException: An error occurred while sending the request.
 ---> System.Net.Http.HttpIOException: The response ended prematurely. (ResponseEnded)
   at System.Net.Http.HttpConnection.SendAsync(HttpRequestMessage request, Boolean async, CancellationToken cancellationToken)
   --- End of inner exception stack tr"
"43","250漫画","http://www.mh250.com","可用","BrowseWorks","20","阅读总榜","Reachable","200","Reachable","200","http://www.mh250.com/",""
"44","糖心漫画","http://tangxin666.net","部分可用","NoResultsOrError","0","最新韩漫","Blocked","","Blocked","","http://tangxin666.net","System.Management.Automation.MethodInvocationException: Exception calling ""GetResult"" with ""0"" argument(s): ""An error occurred while sending the request.""
 ---> System.Net.Http.HttpRequestException: An error occurred while sending the request.
 ---> System.Net.Http.HttpIOException: The response ended prematurely. (ResponseEnded)
   at System.Net.Http.HttpConnection.SendAsync(HttpRequestMessage request, Boolean async, CancellationToken cancellationToken)
   --- End of inner exception stack tr"
"45","飞漫画","https://m.feimh5.com","失效","SkippedNetwork","0","人气","Dead","","Dead","","https://m.feimh5.com","System.Management.Automation.MethodInvocationException: Exception calling ""GetResult"" with ""0"" argument(s): ""The SSL connection could not be established, see inner exception.""
 ---> System.Net.Http.HttpRequestException: The SSL connection could not be established, see inner exception.
 ---> System.IO.IOException: Received an unexpected EOF or 0 bytes from the transport stream.
   at System.Net.Security.SslStream.ReceiveHandshakeFrameAsync[TIOAdapter](CancellationToken cancellationToken)
   a"
"46","一起看动漫","http://www.17kdm.net","部分可用","NoResultsOrError","0","排行","Reachable","200","Reachable","200","http://www.17kdm.net/",""
"47","九啦啦漫画","http://www.9la.la","部分可用","SkippedNetwork","0","全部","Blocked","","Blocked","","http://www.9la.la","System.Management.Automation.MethodInvocationException: Exception calling ""GetResult"" with ""0"" argument(s): ""An error occurred while sending the request.""
 ---> System.Net.Http.HttpRequestException: An error occurred while sending the request.
 ---> System.Net.Http.HttpIOException: The response ended prematurely. (ResponseEnded)
   at System.Net.Http.HttpConnection.SendAsync(HttpRequestMessage request, Boolean async, CancellationToken cancellationToken)
   --- End of inner exception stack tr"
"48","神奇漫画","https://sqmh.app","可用","BrowseWorks","20","最新更新","Blocked","200","Blocked","200","https://sqmh.app/",""
"49","包子漫画","https://cn.webmota.com","可用","BrowseWorks","20","连载中","Reachable","200","Reachable","200","https://cn.webmota.com/",""
"50","漫圈子","https://www.9mqz.com","可用","BrowseWorks","20","最新","Reachable","200","Reachable","200","https://www.9mqz.com/",""
"51","漫蛙漫画","https://www.manwamh5.com","可用","BrowseWorks","20","最新上架","Reachable","200","Reachable","200","https://www.manwamh5.com/",""
"52","奈斯漫画","https://www.nicemh.com","部分可用","SkippedNetwork","0","更新","Reachable","200","Reachable","200","https://www.nicemh.com/",""
"53","开心漫画","https://www.kaixinman.com","可用","BrowseWorks","20","更新","Reachable","200","Reachable","200","https://www.kaixinman.com/",""
"54","依依漫画","https://m.yiyimanhua.com","失效","SkippedNetwork","0","更新","Dead","","Dead","","https://m.yiyimanhua.com","System.Management.Automation.MethodInvocationException: Exception calling ""GetResult"" with ""0"" argument(s): ""The request was canceled due to the configured HttpClient.Timeout of 12 seconds elapsing.""
 ---> System.Threading.Tasks.TaskCanceledException: The request was canceled due to the configured HttpClient.Timeout of 12 seconds elapsing.
 ---> System.TimeoutException: A task was canceled.
 ---> System.Threading.Tasks.TaskCanceledException: A task was canceled.
   at System.Threading.Tasks."
"55","思思漫画","https://m.sisimanhua.com","可用","BrowseWorks","20","更新","Reachable","200","Reachable","200","https://m.sisimanhua.com/",""
"56","楠楠漫画","https://nnmh.info","可用","BrowseWorks","20","更新","Reachable","200","Reachable","200","https://nnmh.info/",""
"57","168漫画","https://m.quarkmanhua.com","失效","SkippedNetwork","0","更新","Dead","","Dead","","https://m.quarkmanhua.com","System.Management.Automation.MethodInvocationException: Exception calling ""GetResult"" with ""0"" argument(s): ""The SSL connection could not be established, see inner exception.""
 ---> System.Net.Http.HttpRequestException: The SSL connection could not be established, see inner exception.
 ---> System.IO.IOException: Received an unexpected EOF or 0 bytes from the transport stream.
   at System.Net.Security.SslStream.ReceiveHandshakeFrameAsync[TIOAdapter](CancellationToken cancellationToken)
   a"
"58","168漫画（PC）","http://www.quarkmanhua.com","部分可用","SkippedNetwork","0","发布排序","Blocked","","Blocked","","http://www.quarkmanhua.com","System.Management.Automation.MethodInvocationException: Exception calling ""GetResult"" with ""0"" argument(s): ""An error occurred while sending the request.""
 ---> System.Net.Http.HttpRequestException: An error occurred while sending the request.
 ---> System.Net.Http.HttpIOException: The response ended prematurely. (ResponseEnded)
   at System.Net.Http.HttpConnection.SendAsync(HttpRequestMessage request, Boolean async, CancellationToken cancellationToken)
   --- End of inner exception stack tr"
"59","悠闲漫画","https://m.yxtun.com","部分可用","NoResultsOrError","0","更新","Blocked","400","Blocked","400","https://m.yxtun.com/",""
"60","都市漫画","https://m.guofengmh.com","失效","SkippedNetwork","0","更新","Dead","","Dead","","https://m.guofengmh.com","System.Management.Automation.MethodInvocationException: Exception calling ""GetResult"" with ""0"" argument(s): ""The SSL connection could not be established, see inner exception.""
 ---> System.Net.Http.HttpRequestException: The SSL connection could not be established, see inner exception.
 ---> System.IO.IOException: Received an unexpected EOF or 0 bytes from the transport stream.
   at System.Net.Security.SslStream.ReceiveHandshakeFrameAsync[TIOAdapter](CancellationToken cancellationToken)
   a"
"61","都市漫画（APP）","https://apifans.dushimh.com","失效","SkippedNetwork","0","最新漫画","Dead","","Dead","","https://apifans.dushimh.com","System.Management.Automation.MethodInvocationException: Exception calling ""GetResult"" with ""0"" argument(s): ""The SSL connection could not be established, see inner exception.""
 ---> System.Net.Http.HttpRequestException: The SSL connection could not be established, see inner exception.
 ---> System.IO.IOException: Received an unexpected EOF or 0 bytes from the transport stream.
   at System.Net.Security.SslStream.ReceiveHandshakeFrameAsync[TIOAdapter](CancellationToken cancellationToken)
   a"
"62","土豪漫画","https://m.tuhaomh.com","失效","SkippedNetwork","0","更新","Dead","","Dead","","https://m.tuhaomh.com","System.Management.Automation.MethodInvocationException: Exception calling ""GetResult"" with ""0"" argument(s): ""The SSL connection could not be established, see inner exception.""
 ---> System.Net.Http.HttpRequestException: The SSL connection could not be established, see inner exception.
 ---> System.IO.IOException: Received an unexpected EOF or 0 bytes from the transport stream.
   at System.Net.Security.SslStream.ReceiveHandshakeFrameAsync[TIOAdapter](CancellationToken cancellationToken)
   a"
"63","土豪漫画网","https://www.larton.cn","可用","BrowseWorks","20","全部","Reachable","200","Reachable","200","https://www.larton.cn/",""
"64","漫画网","https://www.manhua3.com","可用","BrowseWorks","20","最新更新","Reachable","200","Reachable","200","https://www.manhua3.com/",""
"65","漫士多","https://manshiduo.org","可用","BrowseWorks","10","最新更新","Reachable","200","Reachable","200","https://manshiduo.org/",""
"66","如漫画网","https://m.rumanhua.org","部分可用","NoResultsOrError","0","最新更新","Reachable","200","Reachable","200","https://m.rumanhua.org/",""
"67","读漫屋网","https://m.dumanwu.org","可用","BrowseWorks","10","最新更新","Reachable","200","Reachable","200","https://m.dumanwu.org/",""
"68","BikaBika漫画","https://m.bikamanhua.com","可用","BrowseWorks","20","最新","Reachable","200","Reachable","200","https://m.bikamanhua.com/",""
"69","卡拉漫画","https://www.kalamanhua.com","可用","BrowseWorks","20","最新","Reachable","200","Reachable","200","https://www.kalamanhua.com/",""
"70","六漫画","https://m.liumanhua.com","可用","BrowseWorks","10","连载中","Reachable","200","Reachable","200","https://m.liumanhua.com/",""
"71","狂人漫画","https://m.krmanhua.com","失效","SkippedNetwork","0","最新更新","Dead","","Dead","","https://m.krmanhua.com","System.Management.Automation.MethodInvocationException: Exception calling ""GetResult"" with ""0"" argument(s): ""The SSL connection could not be established, see inner exception.""
 ---> System.Net.Http.HttpRequestException: The SSL connection could not be established, see inner exception.
 ---> System.Security.Authentication.AuthenticationException: The remote certificate is invalid according to the validation procedure: RemoteCertificateNameMismatch
   at System.Net.Security.SslStream.CompleteHa"
"72","秀十八漫画","https://mip.xiushiba.com","失效","SkippedNetwork","0","热血","Dead","","Dead","","https://mip.xiushiba.com","System.Management.Automation.MethodInvocationException: Exception calling ""GetResult"" with ""0"" argument(s): ""The SSL connection could not be established, see inner exception.""
 ---> System.Net.Http.HttpRequestException: The SSL connection could not be established, see inner exception.
 ---> System.IO.IOException: Received an unexpected EOF or 0 bytes from the transport stream.
   at System.Net.Security.SslStream.ReceiveHandshakeFrameAsync[TIOAdapter](CancellationToken cancellationToken)
   a"
"73","久五漫画","http://m.99wushu.com","部分可用","SkippedNetwork","0","排行","Reachable","200","Reachable","200","http://m.99wushu.com/",""
"74","国人漫画","http://m.grmanhua.com","部分可用","SkippedNetwork","0","排行","Reachable","200","Reachable","200","https://m.grmanhua.com/",""
"75","漫画居","http://m.manhuaju.com","部分可用","NoResultsOrError","0","完结","Blocked","","Blocked","","http://m.manhuaju.com","System.Management.Automation.MethodInvocationException: Exception calling ""GetResult"" with ""0"" argument(s): ""An error occurred while sending the request.""
 ---> System.Net.Http.HttpRequestException: An error occurred while sending the request.
 ---> System.Net.Http.HttpIOException: The response ended prematurely. (ResponseEnded)
   at System.Net.Http.HttpConnection.SendAsync(HttpRequestMessage request, Boolean async, CancellationToken cancellationToken)
   --- End of inner exception stack tr"
"76","一念漫画","http://m.yn887.com","部分可用","NoResultsOrError","0","更新","Reachable","200","Reachable","200","http://mip.yn887.com/",""
"77","漫画驴","https://m.manhualv.com","失效","SkippedNetwork","0","排行","Dead","","Dead","","https://m.manhualv.com","System.Management.Automation.MethodInvocationException: Exception calling ""GetResult"" with ""0"" argument(s): ""The SSL connection could not be established, see inner exception.""
 ---> System.Net.Http.HttpRequestException: The SSL connection could not be established, see inner exception.
 ---> System.IO.IOException: Received an unexpected EOF or 0 bytes from the transport stream.
   at System.Net.Security.SslStream.ReceiveHandshakeFrameAsync[TIOAdapter](CancellationToken cancellationToken)
   a"
"78","漫画殿","http://m.manhuadian.com","部分可用","SkippedNetwork","0","排行","Blocked","","Blocked","","http://m.manhuadian.com","System.Management.Automation.MethodInvocationException: Exception calling ""GetResult"" with ""0"" argument(s): ""An error occurred while sending the request.""
 ---> System.Net.Http.HttpRequestException: An error occurred while sending the request.
 ---> System.Net.Http.HttpIOException: The response ended prematurely. (ResponseEnded)
   at System.Net.Http.HttpConnection.SendAsync(HttpRequestMessage request, Boolean async, CancellationToken cancellationToken)
   --- End of inner exception stack tr"
"79","漫画1234","https://m.wmh1234.com","可用","BrowseWorks","20","最新","Reachable","200","Reachable","200","https://m.wmh1234.com/",""
"80","W漫画","https://www.wmanhua.com","可用","BrowseWorks","20","全部","Blocked","200","Blocked","200","https://www.wmanhua.com/",""
"81","漫画160","https://m.mh160mh.com","可用","BrowseWorks","20","排行榜","Reachable","200","Reachable","200","https://m.mh160mh.com/",""
"82","57漫画","http://m.wuqimh.net","部分可用","NoResultsOrError","0","全部","Reachable","200","Reachable","200","https://kitenugui.com/r/26lL_4r2IjhLgxfW3L58Y5ABNz2BuTKQit2bdRH4jHRL3e1dvYOcBbaSGGnU5kTkH-KBSpXjYsxw4PoA6-jPRk3U3ZFbhv1x4o3FY_gbt0od4gz0AmS6CTveJxi4dpPKoTfDq5YzdNAneByfMn5rk15PSrBAqM2bJCb_q956aQ4AQykjNRyEjvDy3HxwFA4ftfLynST7LOXyNJ7AOZ6f-9KP2pI0FUO9x6WqaH3Xwl6CK6HuCYcZSD25TZxliNlNYKFi59iwS2wJJdctABqlZBxUUVPKcVDlpdKWlUUjObWOHDfl3M3-W8RHTUvsxk1nBRuMZUOUj4ermqDUtmxN9KzcGOD7tgR9g_iFp5lsfoodm3dXo3oCN3cCqtJxQ7nISh1cITKINY1ZD7gq1My3bcAraluWI01gzVAl5MwTLDenp2FDWW7s1nIIlBDq3kT0uWWoXHJx2rE_X30gib4-fUfJf2K-o2IT627JOQl2mp9oVurb-nlPo3DX41lV5jwc375iOh_RBv1HFcinu9Ic0QQH_9bmwt2IcF0Mkhynq6KEPWdTEpDDVSOULPDnDnbBDsK5R8cATTNSpAjdQ90tsDRI13ZN-fqSm9tdvdkv3DqP0qMcUt59E13DWv5OzpW0wJW1tjr4PuEyy1AuR4Sa-OjwgqiQTbYUJXMqxGDHQKougYA0H5ZQdgldZd74Ou7h3R58sw9JbzXiYugALm1L48skoDJ9RexWQxREauBIccnrx7Bysz-odc_7s5QF9n-PdKYUpfvtbHIsk_29X4hL765dfDFNeW0RH1onyv7csSalYHbtUN4Z41kN3ht-jQNZJiNdNAhDzqz2jU3bHoeI8WKdzYK1ERDan73oXS1suDAvesCyBGJCdjfHq48",""
"83","92漫画","https://wap.92mh.com","失效","SkippedNetwork","0","最新更新","Dead","","Dead","","https://wap.92mh.com","System.Management.Automation.MethodInvocationException: Exception calling ""GetResult"" with ""0"" argument(s): ""The SSL connection could not be established, see inner exception.""
 ---> System.Net.Http.HttpRequestException: The SSL connection could not be established, see inner exception.
 ---> System.IO.IOException: Received an unexpected EOF or 0 bytes from the transport stream.
   at System.Net.Security.SslStream.ReceiveHandshakeFrameAsync[TIOAdapter](CancellationToken cancellationToken)
   a"
"84","31漫画","https://m.31mh.cc","部分可用","NoResultsOrError","0","最新更新","Blocked","403","Blocked","403","https://m.31mh.cc/",""
"85","咚漫","https://m.dongmanmanhua.cn","部分可用","SkippedNetwork","0","发现","Reachable","200","Reachable","200","https://m.dongmanmanhua.cn/",""
"86","咚漫（PC）","https://www.dongmanmanhua.cn","部分可用","SkippedNetwork","0","连载和完结","Reachable","200","Reachable","200","https://www.dongmanmanhua.cn/",""
"87","Webtoon","https://www.webtoons.com","部分可用","NoResultsOrError","0","Genre","Reachable","200","Reachable","200","https://www.webtoons.com/",""
"88","Webtoon中文","https://us-m.webtoons.com/zh-hant","部分可用","NoResultsOrError","0","全部","Reachable","200","Reachable","200","https://us-m.webtoons.com/zh-hant",""
"89","忆漫画","https://m.yimmh.com","失效","NoResultsOrError","0","连载","Dead","","Dead","","https://m.yimmh.com","System.Management.Automation.MethodInvocationException: Exception calling ""GetResult"" with ""0"" argument(s): ""The SSL connection could not be established, see inner exception.""
 ---> System.Net.Http.HttpRequestException: The SSL connection could not be established, see inner exception.
 ---> System.IO.IOException: Received an unexpected EOF or 0 bytes from the transport stream.
   at System.Net.Security.SslStream.ReceiveHandshakeFrameAsync[TIOAdapter](CancellationToken cancellationToken)
   a"
"90","酷爱漫画","https://www.kuimh.com","部分可用","SkippedNetwork","0","连载","Blocked","","Blocked","","https://www.kuimh.com","System.Management.Automation.MethodInvocationException: Exception calling ""GetResult"" with ""0"" argument(s): ""An error occurred while sending the request.""
 ---> System.Net.Http.HttpRequestException: An error occurred while sending the request.
 ---> System.Net.Http.HttpIOException: The response ended prematurely. (ResponseEnded)
   at System.Net.Http.HttpConnection.SendAsync(HttpRequestMessage request, Boolean async, CancellationToken cancellationToken)
   --- End of inner exception stack tr"
"91","我爱漫画","https://www.woimh.com","可用","BrowseWorks","20","连载","Reachable","200","Reachable","200","https://www.woimh.com/",""
"92","旧城漫画","https://www.jc2007.com","部分可用","NoResultsOrError","0","人气","Reachable","200","Reachable","200","https://www.jc2007.com/",""
"93","漫画屋网","https://www.mhw1.com","部分可用","NoResultsOrError","0","更新","Reachable","200","Reachable","200","https://www.mhw1.com/",""
"94","秀漫网","https://zhuishudashi.net","失效","NoResultsOrError","0","人气","Dead","","Dead","","https://zhuishudashi.net","System.Management.Automation.MethodInvocationException: Exception calling ""GetResult"" with ""0"" argument(s): ""The SSL connection could not be established, see inner exception.""
 ---> System.Net.Http.HttpRequestException: The SSL connection could not be established, see inner exception.
 ---> System.IO.IOException: Received an unexpected EOF or 0 bytes from the transport stream.
   at System.Net.Security.SslStream.ReceiveHandshakeFrameAsync[TIOAdapter](CancellationToken cancellationToken)
   a"
"95","松鼠漫画","http://zhongq.net","部分可用","SkippedNetwork","0","更新","Reachable","200","Reachable","200","http://zhongq.net/",""
"96","酷看漫画","https://www.kukanmanhua.com","部分可用","NoResultsOrError","0","连载","Reachable","200","Reachable","200","https://esp-framework.com/login.php",""
"97","国漫吧","http://m.guoman8.cc","可用","BrowseWorks","20","国产","Blocked","200","Blocked","200","http://m.guoman8.cc/",""
"98","国漫吧（PC）","http://www.guoman8.cc","可用","BrowseWorks","20","日本","Reachable","200","Reachable","200","http://www.guoman8.cc/",""
"99","汉化吧","http://www.hanhuaba.com","部分可用","NoResultsOrError","0","分类一","Reachable","200","Reachable","200","http://www.hanhuaba.com/",""
"100","韩漫吧","https://m.hmba.vip","部分可用","NoResultsOrError","0","免费漫画","Reachable","200","Reachable","200","https://m.hmba.vip/",""
"101","趣漫吧","https://www.qumanba.cc","失效","SkippedNetwork","0","全部","Dead","","Dead","","https://www.qumanba.cc","System.Management.Automation.MethodInvocationException: Exception calling ""GetResult"" with ""0"" argument(s): ""The SSL connection could not be established, see inner exception.""
 ---> System.Net.Http.HttpRequestException: The SSL connection could not be established, see inner exception.
 ---> System.IO.IOException: Received an unexpected EOF or 0 bytes from the transport stream.
   at System.Net.Security.SslStream.ReceiveHandshakeFrameAsync[TIOAdapter](CancellationToken cancellationToken)
   a"
"102","韩漫大全","https://www.hanmandq.com","失效","NoResultsOrError","0","最新","Dead","","Dead","","https://www.hanmandq.com","System.Management.Automation.MethodInvocationException: Exception calling ""GetResult"" with ""0"" argument(s): ""The SSL connection could not be established, see inner exception.""
 ---> System.Net.Http.HttpRequestException: The SSL connection could not be established, see inner exception.
 ---> System.IO.IOException: Received an unexpected EOF or 0 bytes from the transport stream.
   at System.Net.Security.SslStream.ReceiveHandshakeFrameAsync[TIOAdapter](CancellationToken cancellationToken)
   a"
"103","猕猴桃漫画","https://manwanu.cc","可用","BrowseWorks","10","更新","Reachable","200","Reachable","200","https://manwanu.cc/",""
"104","51漫画","https://www.51comics.com","可用","BrowseWorks","20","少年","Reachable","200","Reachable","200","https://www.favcomic.xyz/",""
"105","菠萝漫画","https://m.muguamh.com","失效","SkippedNetwork","0","更新","Dead","","Dead","","https://m.muguamh.com","System.Management.Automation.MethodInvocationException: Exception calling ""GetResult"" with ""0"" argument(s): ""The SSL connection could not be established, see inner exception.""
 ---> System.Net.Http.HttpRequestException: The SSL connection could not be established, see inner exception.
 ---> System.IO.IOException: Received an unexpected EOF or 0 bytes from the transport stream.
   at System.Net.Security.SslStream.ReceiveHandshakeFrameAsync[TIOAdapter](CancellationToken cancellationToken)
   a"
"106","菠萝动漫","http://www.boluodm.com","部分可用","NoResultsOrError","0","连载","Blocked","","Blocked","","http://www.boluodm.com","System.Management.Automation.MethodInvocationException: Exception calling ""GetResult"" with ""0"" argument(s): ""An error occurred while sending the request.""
 ---> System.Net.Http.HttpRequestException: An error occurred while sending the request.
 ---> System.Net.Http.HttpIOException: The response ended prematurely. (ResponseEnded)
   at System.Net.Http.HttpConnection.SendAsync(HttpRequestMessage request, Boolean async, CancellationToken cancellationToken)
   --- End of inner exception stack tr"
"107","特漫网","https://www.17te.com","失效","NoResultsOrError","0","连载","Dead","","Dead","","https://www.17te.com","System.Management.Automation.MethodInvocationException: Exception calling ""GetResult"" with ""0"" argument(s): ""The SSL connection could not be established, see inner exception.""
 ---> System.Net.Http.HttpRequestException: The SSL connection could not be established, see inner exception.
 ---> System.IO.IOException: Received an unexpected EOF or 0 bytes from the transport stream.
   at System.Net.Security.SslStream.ReceiveHandshakeFrameAsync[TIOAdapter](CancellationToken cancellationToken)
   a"
"108","云漫画","http://manhua10.yueriji.com","部分可用","NoResultsOrError","0","排行榜","Blocked","","Blocked","","http://manhua10.yueriji.com","System.Management.Automation.MethodInvocationException: Exception calling ""GetResult"" with ""0"" argument(s): ""An error occurred while sending the request.""
 ---> System.Net.Http.HttpRequestException: An error occurred while sending the request.
 ---> System.Net.Http.HttpIOException: The response ended prematurely. (ResponseEnded)
   at System.Net.Http.HttpConnection.SendAsync(HttpRequestMessage request, Boolean async, CancellationToken cancellationToken)
   --- End of inner exception stack tr"
"109","好好漫画","https://www.haohao25.com","部分可用","NoResultsOrError","0","更新","Reachable","200","Reachable","200","https://www.haohao25.com/",""
"110","笔趣漫画","https://biqug.org","失效","SkippedNetwork","0","连载","Dead","","Dead","","https://biqug.org","System.Management.Automation.MethodInvocationException: Exception calling ""GetResult"" with ""0"" argument(s): ""The SSL connection could not be established, see inner exception.""
 ---> System.Net.Http.HttpRequestException: The SSL connection could not be established, see inner exception.
 ---> System.IO.IOException: Received an unexpected EOF or 0 bytes from the transport stream.
   at System.Net.Security.SslStream.ReceiveHandshakeFrameAsync[TIOAdapter](CancellationToken cancellationToken)
   a"
"111","笔趣阁漫画","https://www.23biquge.com","部分可用","NoResultsOrError","0","新更","Reachable","200","Reachable","200","https://www.23biquge.com/",""
"112","61漫画","https://www.m7478.cn","失效","NoResultsOrError","0","人气","Dead","","Dead","","https://www.m7478.cn","System.Management.Automation.MethodInvocationException: Exception calling ""GetResult"" with ""0"" argument(s): ""The SSL connection could not be established, see inner exception.""
 ---> System.Net.Http.HttpRequestException: The SSL connection could not be established, see inner exception.
 ---> System.Security.Authentication.AuthenticationException: Authentication failed because the remote party sent a TLS alert: 'InternalError'.
 ---> System.ComponentModel.Win32Exception (0x80090326): 接收到的消息异常，或"
"113","亲亲漫画","http://m.acgwd.com","部分可用","NoResultsOrError","0","更新","Reachable","200","Reachable","200","http://m.acgwd.com/",""
"114","漫画园漫画","https://m.magayuan.com","部分可用","NoResultsOrError","0","更新","Reachable","200","Reachable","200","https://m.magayuan.com/vpn/zh/",""
"115","顶漫画","https://www.dingmanhua.com","部分可用","NoResultsOrError","0","最新","Reachable","200","Reachable","200","https://www.dingmanhua.com/",""
"116","可漫画","https://www.dmanhua.com","可用","BrowseWorks","20","最新","Reachable","200","Reachable","200","https://www.dmanhua.com/",""
"117","大魔兔","http://www.damotu.com","可用","BrowseWorks","20","新番连载","Reachable","200","Reachable","200","http://www.damotu.com/",""
"118","漫画看（PC）","https://www.mhkan.com","部分可用","SkippedNetwork","0","最新发布","Reachable","200","Reachable","200","https://www.mhkan.com/",""
"119","MOXI动漫","http://www.moxidongman.com","失效","SkippedNetwork","0","最新更新","Dead","","Dead","","http://www.moxidongman.com","System.Management.Automation.MethodInvocationException: Exception calling ""GetResult"" with ""0"" argument(s): ""The request was canceled due to the configured HttpClient.Timeout of 12 seconds elapsing.""
 ---> System.Threading.Tasks.TaskCanceledException: The request was canceled due to the configured HttpClient.Timeout of 12 seconds elapsing.
 ---> System.TimeoutException: The operation was canceled.
 ---> System.Threading.Tasks.TaskCanceledException: The operation was canceled.
 ---> System.IO"
"120","暴走漫画","http://baozoumanhua.com","部分可用","SkippedNetwork","0","全部","Blocked","","Blocked","","http://baozoumanhua.com","System.Management.Automation.MethodInvocationException: Exception calling ""GetResult"" with ""0"" argument(s): ""An error occurred while sending the request.""
 ---> System.Net.Http.HttpRequestException: An error occurred while sending the request.
 ---> System.Net.Http.HttpIOException: The response ended prematurely. (ResponseEnded)
   at System.Net.Http.HttpConnection.SendAsync(HttpRequestMessage request, Boolean async, CancellationToken cancellationToken)
   --- End of inner exception stack tr"
"121","动漫星空","http://acg.gamersky.com","可用","BrowseWorks","6","最新热门","Reachable","200","Reachable","200","http://acg.gamersky.com/",""
"122","90漫画","http://wap.90mh.org","部分可用","NoResultsOrError","0","最新更新","Reachable","200","Reachable","200","http://wap.90mh.org/",""
"123","90漫画（PC）","http://www.90mh.org","部分可用","NoResultsOrError","0","最新更新","Reachable","200","Reachable","200","http://www.90mh.org/",""
"124","笨狗漫画","http://m.bengou.co","可用","BrowseWorks","20","更新","Reachable","200","Reachable","200","http://m.bengou.co/",""
"125","漫画大全","http://m.yueman1.cc","可用","BrowseWorks","20","更新","Reachable","200","Reachable","200","http://m.yueman1.cc/",""
"126","晴天漫画","https://m.zxmh.net","失效","SkippedNetwork","0","更新","Dead","","Dead","","https://m.zxmh.net","System.Management.Automation.MethodInvocationException: Exception calling ""GetResult"" with ""0"" argument(s): ""The SSL connection could not be established, see inner exception.""
 ---> System.Net.Http.HttpRequestException: The SSL connection could not be established, see inner exception.
 ---> System.IO.IOException: Received an unexpected EOF or 0 bytes from the transport stream.
   at System.Net.Security.SslStream.ReceiveHandshakeFrameAsync[TIOAdapter](CancellationToken cancellationToken)
   a"
"127","CC漫画","http://m.ccdmb.com","部分可用","NoResultsOrError","0","最新更新","Blocked","200","Blocked","200","https://www.hugedomains.com/domain_profile.cfm?d=ccdmb.com",""
"128","CC漫画（PC）","http://www.ccdmb.com","部分可用","NoResultsOrError","0","最新更新","Blocked","200","Blocked","200","https://www.hugedomains.com/domain_profile.cfm?d=ccdmb.com",""
"129","CC漫画网","http://www.ccmh16.com","失效","SkippedNetwork","0","最新更新","Dead","503","Dead","503","http://www.ccmh16.com/",""
"130","CCC追漫台","https://creative-comic.tw","可用","BrowseWorks","20","最新","Reachable","200","Reachable","200","https://www.creative-comic.tw/",""
"131","漫画皮","http://www.manhuapi.cc","可用","BrowseWorks","20","更新","Blocked","200","Blocked","200","https://www.manhuapi.cc/",""
"132","漫画皮网","http://www.amanhuapi.net","可用","BrowseWorks","20","更新","Reachable","200","Reachable","200","http://www.amanhuapi.net/",""
"133","皮皮漫画","https://www.pipimanhua.com","部分可用","NoResultsOrError","0","完本","Reachable","200","Reachable","200","https://www.pipimanhua.com/",""
"134","沐沐漫画","https://www.talkmanhua.com","可用","BrowseWorks","4","全部漫画","Reachable","200","Dead","","https://www.talkmanhua.com","System.Management.Automation.MethodInvocationException: Exception calling ""GetResult"" with ""0"" argument(s): ""The request was canceled due to the configured HttpClient.Timeout of 12 seconds elapsing.""
 ---> System.Threading.Tasks.TaskCanceledException: The request was canceled due to the configured HttpClient.Timeout of 12 seconds elapsing.
 ---> System.TimeoutException: A task was canceled.
 ---> System.Threading.Tasks.TaskCanceledException: A task was canceled.
   at System.Threading.Tasks."
"135","X18漫画（PC）","https://www.x18mh.com","失效","SkippedNetwork","0","全部漫画","Dead","","Dead","","https://www.x18mh.com","System.Management.Automation.MethodInvocationException: Exception calling ""GetResult"" with ""0"" argument(s): ""The SSL connection could not be established, see inner exception.""
 ---> System.Net.Http.HttpRequestException: The SSL connection could not be established, see inner exception.
 ---> System.IO.IOException: Received an unexpected EOF or 0 bytes from the transport stream.
   at System.Net.Security.SslStream.ReceiveHandshakeFrameAsync[TIOAdapter](CancellationToken cancellationToken)
   a"
"136","七七漫画屋","https://m.0373xx.com","可用","BrowseWorks","18","更新","Reachable","200","Reachable","200","https://m.0373xx.com/",""
"137","精品漫画","https://m.bjzf.org","可用","BrowseWorks","18","更新","Reachable","200","Reachable","200","https://m.bjzf.org/",""
"138","七七漫画","https://qiim.cc","可用","BrowseWorks","10","连载中","Reachable","200","Reachable","200","https://hqqh.cc/",""
"139","7漫画","https://m.7stary.com","失效","SkippedNetwork","0","更新","Dead","","Dead","","https://m.7stary.com","System.Management.Automation.MethodInvocationException: Exception calling ""GetResult"" with ""0"" argument(s): ""The SSL connection could not be established, see inner exception.""
 ---> System.Net.Http.HttpRequestException: The SSL connection could not be established, see inner exception.
 ---> System.IO.IOException: Received an unexpected EOF or 0 bytes from the transport stream.
   at System.Net.Security.SslStream.ReceiveHandshakeFrameAsync[TIOAdapter](CancellationToken cancellationToken)
   a"
"140","7漫画网","https://m.mom7.net","失效","SkippedNetwork","0","更新","Dead","","Dead","","https://m.mom7.net","System.Management.Automation.MethodInvocationException: Exception calling ""GetResult"" with ""0"" argument(s): ""The SSL connection could not be established, see inner exception.""
 ---> System.Net.Http.HttpRequestException: The SSL connection could not be established, see inner exception.
 ---> System.IO.IOException: Received an unexpected EOF or 0 bytes from the transport stream.
   at System.Net.Security.SslStream.ReceiveHandshakeFrameAsync[TIOAdapter](CancellationToken cancellationToken)
   a"
"141","360漫画","https://www.360mh.cc","可用","BrowseWorks","20","更新","Reachable","200","Reachable","200","https://www.360mh.cc/",""
"142","奇葩漫画","http://www.qipamh.com","可用","BrowseWorks","12","全部","Reachable","200","Reachable","200","http://www.qipamh.com/",""
"143","纸盒漫画","https://www.yi40.com","可用","BrowseWorks","20","首页","Reachable","200","Reachable","200","https://www.yi40.com/",""
"144","酷米漫画","https://n.kimlulu.com","失效","NoResultsOrError","0","更新","Dead","","Dead","","https://n.kimlulu.com","System.Management.Automation.MethodInvocationException: Exception calling ""GetResult"" with ""0"" argument(s): ""The SSL connection could not be established, see inner exception.""
 ---> System.Net.Http.HttpRequestException: The SSL connection could not be established, see inner exception.
 ---> System.IO.IOException: Received an unexpected EOF or 0 bytes from the transport stream.
   at System.Net.Security.SslStream.ReceiveHandshakeFrameAsync[TIOAdapter](CancellationToken cancellationToken)
   a"
"145","雪梨漫画","https://m.nxueli.com","部分可用","NoResultsOrError","0","排行","Reachable","200","Reachable","200","https://m.nxueli.com/",""
"146","369漫画","https://m.369manhua.com","部分可用","NoResultsOrError","0","排行","Reachable","200","Reachable","200","https://m.369manhua.com/",""
"147","漫画123","https://m.otzyx.com","失效","SkippedNetwork","0","更新","Dead","","Dead","","https://m.otzyx.com","System.Management.Automation.MethodInvocationException: Exception calling ""GetResult"" with ""0"" argument(s): ""The SSL connection could not be established, see inner exception.""
 ---> System.Net.Http.HttpRequestException: The SSL connection could not be established, see inner exception.
 ---> System.Security.Authentication.AuthenticationException: The remote certificate is invalid according to the validation procedure: RemoteCertificateNameMismatch, RemoteCertificateChainErrors
   at System.Net"
"148","风之漫画","https://m.fengmh.com","部分可用","NoResultsOrError","0","更新","Dead","","Blocked","","https://m.fengmh.com","System.Management.Automation.MethodInvocationException: Exception calling ""GetResult"" with ""0"" argument(s): ""An error occurred while sending the request.""
 ---> System.Net.Http.HttpRequestException: An error occurred while sending the request.
 ---> System.Net.Http.HttpIOException: The response ended prematurely. (ResponseEnded)
   at System.Net.Http.HttpConnection.SendAsync(HttpRequestMessage request, Boolean async, CancellationToken cancellationToken)
   --- End of inner exception stack tr"
"149","世纪漫画","https://m.manhua111.com","失效","SkippedNetwork","0","更新","Dead","","Dead","","https://m.manhua111.com","System.Management.Automation.MethodInvocationException: Exception calling ""GetResult"" with ""0"" argument(s): ""The SSL connection could not be established, see inner exception.""
 ---> System.Net.Http.HttpRequestException: The SSL connection could not be established, see inner exception.
 ---> System.IO.IOException: Received an unexpected EOF or 0 bytes from the transport stream.
   at System.Net.Security.SslStream.ReceiveHandshakeFrameAsync[TIOAdapter](CancellationToken cancellationToken)
   a"
"150","憨憨的漫画","http://m.hhdmh.net","失效","NoResultsOrError","0","更新","Dead","503","Dead","503","http://m.hhdmh.net/",""
"151","乙女漫画M","https://m.yinvmh.com","部分可用","NoResultsOrError","0","最新更新","Reachable","200","Reachable","200","https://m.yinvmh.com/",""
"152","腐漫画（APP）","http://app.fmmhua.com","部分可用","NoResultsOrError","0","最热","Reachable","200","Reachable","200","http://app.fmmhua.com/",""
"153","GAYRB漫画","https://gaygg.cc","部分可用","SkippedNetwork","0","排行","Reachable","200","Reachable","200","https://gaygg.cc/",""
"154","漫画天堂","http://www.manhuatt.com","部分可用","NoResultsOrError","0","全部","Reachable","200","Reachable","200","http://www.manhuatt.com/",""
"155","漫画吧","https://m.dmhua8.com","失效","SkippedNetwork","0","排行","Dead","","Dead","","https://m.dmhua8.com","System.Management.Automation.MethodInvocationException: Exception calling ""GetResult"" with ""0"" argument(s): ""The SSL connection could not be established, see inner exception.""
 ---> System.Net.Http.HttpRequestException: The SSL connection could not be established, see inner exception.
 ---> System.Security.Authentication.AuthenticationException: The remote certificate is invalid according to the validation procedure: RemoteCertificateNameMismatch, RemoteCertificateChainErrors
   at System.Net"
"156","漫画吧网","https://www.manhuaba.com","可用","BrowseWorks","20","国产漫画","Reachable","200","Reachable","200","https://www.manhuaba.com/",""
"157","漫画淘","https://www.manhuatao.com","失效","SkippedNetwork","0","全部","Dead","","Dead","","https://www.manhuatao.com","System.Management.Automation.MethodInvocationException: Exception calling ""GetResult"" with ""0"" argument(s): ""The SSL connection could not be established, see inner exception.""
 ---> System.Net.Http.HttpRequestException: The SSL connection could not be established, see inner exception.
 ---> System.IO.IOException: Received an unexpected EOF or 0 bytes from the transport stream.
   at System.Net.Security.SslStream.ReceiveHandshakeFrameAsync[TIOAdapter](CancellationToken cancellationToken)
   a"
"158","美女漫画","http://mm2.shazi8.com","部分可用","NoResultsOrError","0","推荐","Reachable","200","Reachable","200","http://mm2.shazi8.com/",""
"159","飞卢漫画","https://mh.faloo.com","部分可用","NoResultsOrError","0","少年漫画","Blocked","403","Blocked","403","https://mh.faloo.com/",""
"160","爱看漫画","https://m.ikmhua.com","部分可用","NoResultsOrError","0","更新","Reachable","200","Reachable","200","https://m.ikmhua.com/",""
"161","MYCOMIC","https://mycomic.com","可用","BrowseWorks","20","最新上架","Blocked","403","Blocked","403","https://mycomic.com/",""
"162","爱看漫（APP）","https://ymcdnyfqdapp.ikmmh.com","部分可用","NoResultsOrError","0","全部","Reachable","200","Reachable","200","https://ymcdnyfqdapp.ikmmh.com/",""
"163","超爱看漫","https://tmsmh.com","部分可用","NoResultsOrError","0","全部","Reachable","200","Reachable","200","https://tmsmh.com/",""
"164","雪儿漫画","https://m.xuermh.com","部分可用","NoResultsOrError","0","更新","Reachable","200","Reachable","200","https://m.xuermh.com/",""
"165","雪之漫画","https://m.xuemh.com","失效","SkippedNetwork","0","更新","Dead","","Dead","","https://m.xuemh.com","System.Management.Automation.MethodInvocationException: Exception calling ""GetResult"" with ""0"" argument(s): ""The SSL connection could not be established, see inner exception.""
 ---> System.Net.Http.HttpRequestException: The SSL connection could not be established, see inner exception.
 ---> System.IO.IOException: Received an unexpected EOF or 0 bytes from the transport stream.
   at System.Net.Security.SslStream.ReceiveHandshakeFrameAsync[TIOAdapter](CancellationToken cancellationToken)
   a"
"166","叮当漫画","https://m.dingdangmh.com","失效","SkippedNetwork","0","更新","Dead","","Dead","","https://m.dingdangmh.com","System.Management.Automation.MethodInvocationException: Exception calling ""GetResult"" with ""0"" argument(s): ""The SSL connection could not be established, see inner exception.""
 ---> System.Net.Http.HttpRequestException: The SSL connection could not be established, see inner exception.
 ---> System.IO.IOException: Received an unexpected EOF or 0 bytes from the transport stream.
   at System.Net.Security.SslStream.ReceiveHandshakeFrameAsync[TIOAdapter](CancellationToken cancellationToken)
   a"
"167","恋爱漫画","https://m.lianaimh.com","失效","SkippedNetwork","0","人气排行","Dead","504","Dead","504","https://m.lianaimh.com/",""
"168","二狗漫画","https://m.zsc2.com","失效","NoResultsOrError","0","人气排行","Dead","","Dead","","https://m.zsc2.com","System.Management.Automation.MethodInvocationException: Exception calling ""GetResult"" with ""0"" argument(s): ""The SSL connection could not be established, see inner exception.""
 ---> System.Net.Http.HttpRequestException: The SSL connection could not be established, see inner exception.
 ---> System.IO.IOException: Received an unexpected EOF or 0 bytes from the transport stream.
   at System.Net.Security.SslStream.ReceiveHandshakeFrameAsync[TIOAdapter](CancellationToken cancellationToken)
   a"
"169","85漫画","https://m.888sns.com","部分可用","SkippedNetwork","0","更新","Reachable","200","Reachable","200","https://m.888sns.com/",""
"170","壹壹漫画","https://m.11dmh.com","失效","NoResultsOrError","0","更新","Dead","","Dead","","https://m.11dmh.com","System.Management.Automation.MethodInvocationException: Exception calling ""GetResult"" with ""0"" argument(s): ""The SSL connection could not be established, see inner exception.""
 ---> System.Net.Http.HttpRequestException: The SSL connection could not be established, see inner exception.
 ---> System.IO.IOException: Received an unexpected EOF or 0 bytes from the transport stream.
   at System.Net.Security.SslStream.ReceiveHandshakeFrameAsync[TIOAdapter](CancellationToken cancellationToken)
   a"
"171","163漫画","https://m.163dmh.com","失效","NoResultsOrError","0","更新","Dead","","Dead","","https://m.163dmh.com","System.Management.Automation.MethodInvocationException: Exception calling ""GetResult"" with ""0"" argument(s): ""The SSL connection could not be established, see inner exception.""
 ---> System.Net.Http.HttpRequestException: The SSL connection could not be established, see inner exception.
 ---> System.Security.Authentication.AuthenticationException: The remote certificate is invalid because of errors in the certificate chain: NotTimeValid
   at System.Net.Security.SslStream.CompleteHandshake(SslA"
"172","品悦漫画","https://m.pinmh.com","失效","NoResultsOrError","0","人气排行","Dead","","Dead","","https://m.pinmh.com","System.Management.Automation.MethodInvocationException: Exception calling ""GetResult"" with ""0"" argument(s): ""The SSL connection could not be established, see inner exception.""
 ---> System.Net.Http.HttpRequestException: The SSL connection could not be established, see inner exception.
 ---> System.IO.IOException: Received an unexpected EOF or 0 bytes from the transport stream.
   at System.Net.Security.SslStream.ReceiveHandshakeFrameAsync[TIOAdapter](CancellationToken cancellationToken)
   a"
"173","风车漫画","https://m.qyy158.com","失效","SkippedNetwork","0","全部漫画","Dead","","Dead","","https://m.qyy158.com","System.Management.Automation.MethodInvocationException: Exception calling ""GetResult"" with ""0"" argument(s): ""The SSL connection could not be established, see inner exception.""
 ---> System.Net.Http.HttpRequestException: The SSL connection could not be established, see inner exception.
 ---> System.IO.IOException: Received an unexpected EOF or 0 bytes from the transport stream.
   at System.Net.Security.SslStream.ReceiveHandshakeFrameAsync[TIOAdapter](CancellationToken cancellationToken)
   a"
"174","爱漫画","https://m.imanhua.in","失效","NoResultsOrError","0","全部","Dead","","Dead","","https://m.imanhua.in","System.Management.Automation.MethodInvocationException: Exception calling ""GetResult"" with ""0"" argument(s): ""The SSL connection could not be established, see inner exception.""
 ---> System.Net.Http.HttpRequestException: The SSL connection could not be established, see inner exception.
 ---> System.IO.IOException: Received an unexpected EOF or 0 bytes from the transport stream.
   at System.Net.Security.SslStream.ReceiveHandshakeFrameAsync[TIOAdapter](CancellationToken cancellationToken)
   a"
"175","受漫画","http://m.shoumanhua.com","部分可用","NoResultsOrError","0","更新","Blocked","","Blocked","","http://m.shoumanhua.com","System.Management.Automation.MethodInvocationException: Exception calling ""GetResult"" with ""0"" argument(s): ""An error occurred while sending the request.""
 ---> System.Net.Http.HttpRequestException: An error occurred while sending the request.
 ---> System.Net.Http.HttpIOException: The response ended prematurely. (ResponseEnded)
   at System.Net.Http.HttpConnection.SendAsync(HttpRequestMessage request, Boolean async, CancellationToken cancellationToken)
   --- End of inner exception stack tr"
"176","一漫网","http://m.bx117.com","失效","NoResultsOrError","0","完结","Dead","","Dead","","http://m.bx117.com","System.Management.Automation.MethodInvocationException: Exception calling ""GetResult"" with ""0"" argument(s): ""The request was canceled due to the configured HttpClient.Timeout of 12 seconds elapsing.""
 ---> System.Threading.Tasks.TaskCanceledException: The request was canceled due to the configured HttpClient.Timeout of 12 seconds elapsing.
 ---> System.TimeoutException: The operation was canceled.
 ---> System.Threading.Tasks.TaskCanceledException: The operation was canceled.
 ---> System.IO"
"177","八极漫画","http://www.8jj.com","失效","NoResultsOrError","0","最近更新","Dead","500","Dead","500","https://www.8jj.com/",""
"178","漫画Love","http://vip.php06.com","部分可用","NoResultsOrError","0","热血","Reachable","200","Reachable","200","http://vip.php06.com/",""
"179","漫画Love（PC）","http://www.php06.com","部分可用","NoResultsOrError","0","更新","Reachable","200","Reachable","200","http://www.php06.com/",""
"180","新漫画","https://xapi.xinmanhua.net","可用","BrowseWorks","15","全部","Reachable","200","Reachable","200","https://xapi.xinmanhua.net/",""
"181","漫画铺","https://mip.manhuapu.com","部分可用","NoResultsOrError","0","最新","Reachable","200","Reachable","200","https://mip.manhuapu.com/",""
"182","漫画铺（PC）","https://www.manhuapu.com","部分可用","NoResultsOrError","0","少年热血","Reachable","200","Reachable","200","https://www.manhuapu.com/",""
"183","草蜢漫画","http://www.caomengcc.com","部分可用","NoResultsOrError","0","少女漫画","Reachable","200","Reachable","200","http://www.caomengcc.com/",""
"184","178漫画","http://178mh.com","部分可用","NoResultsOrError","0","热血","Reachable","200","Reachable","200","http://178mh.com/",""
"185","漫画哥","https://m.manhuag.com","部分可用","NoResultsOrError","0","点击榜","Reachable","200","Reachable","200","https://m.manhuag.com/",""
"186","好通漫","http://haotoon.com.cn","部分可用","NoResultsOrError","0","最新","Reachable","200","Reachable","200","http://haotoon.com.cn/",""
"187","黑白漫话","http://m.heibaimanhua.com","部分可用","NoResultsOrError","0","搞笑","Reachable","200","Reachable","200","http://m.heibaimanhua.com/",""
"188","漫本","http://www.manben.com","可用","BrowseWorks","10","精品推荐","Reachable","200","Reachable","200","https://www.manben.com/",""
"189","517漫画","http://m.517mh.net","部分可用","NoResultsOrError","0","少年热血","Blocked","","Blocked","","http://m.517mh.net","System.Management.Automation.MethodInvocationException: Exception calling ""GetResult"" with ""0"" argument(s): ""An error occurred while sending the request.""
 ---> System.Net.Http.HttpRequestException: An error occurred while sending the request.
 ---> System.Net.Http.HttpIOException: The response ended prematurely. (ResponseEnded)
   at System.Net.Http.HttpConnection.SendAsync(HttpRequestMessage request, Boolean async, CancellationToken cancellationToken)
   --- End of inner exception stack tr"
"190","517漫画（PC）","http://www.517mh.net","部分可用","NoResultsOrError","0","少年热血","Reachable","200","Reachable","200","http://www.517mh.net/",""
"191","看漫画","https://m.kanman.com","部分可用","SkippedNetwork","0","全部·人气","Reachable","200","Reachable","200","https://m.kanman.com/",""
"192","大树漫画","https://www.dashumanhua.com","部分可用","NoResultsOrError","0","最新更新","Reachable","200","Reachable","200","https://www.dashumanhua.com/",""
"193","欢乐漫画","https://m.0a1t.com","失效","SkippedNetwork","0","最新更新","Dead","","Dead","","https://m.0a1t.com","System.Management.Automation.MethodInvocationException: Exception calling ""GetResult"" with ""0"" argument(s): ""The SSL connection could not be established, see inner exception.""
 ---> System.Net.Http.HttpRequestException: The SSL connection could not be established, see inner exception.
 ---> System.IO.IOException: Received an unexpected EOF or 0 bytes from the transport stream.
   at System.Net.Security.SslStream.ReceiveHandshakeFrameAsync[TIOAdapter](CancellationToken cancellationToken)
   a"
"194","滴滴漫画网","http://txydd.com","部分可用","NoResultsOrError","0","连载中","Reachable","200","Reachable","200","http://txydd.com/",""
"195","漫画楼","https://www.manhualou.com","部分可用","SkippedNetwork","0","全部","Reachable","200","Reachable","200","https://www.manhualou.com/",""
"196","147漫画","https://m.xmh124.com","失效","SkippedNetwork","0","更新","Dead","","Dead","","https://m.xmh124.com","System.Management.Automation.MethodInvocationException: Exception calling ""GetResult"" with ""0"" argument(s): ""The SSL connection could not be established, see inner exception.""
 ---> System.Net.Http.HttpRequestException: The SSL connection could not be established, see inner exception.
 ---> System.IO.IOException: Received an unexpected EOF or 0 bytes from the transport stream.
   at System.Net.Security.SslStream.ReceiveHandshakeFrameAsync[TIOAdapter](CancellationToken cancellationToken)
   a"
"197","58漫画","https://m.58puxin.com","失效","NoResultsOrError","0","最新更新","Dead","","Dead","","https://m.58puxin.com","System.Management.Automation.MethodInvocationException: Exception calling ""GetResult"" with ""0"" argument(s): ""The SSL connection could not be established, see inner exception.""
 ---> System.Net.Http.HttpRequestException: The SSL connection could not be established, see inner exception.
 ---> System.IO.IOException: Received an unexpected EOF or 0 bytes from the transport stream.
   at System.Net.Security.SslStream.ReceiveHandshakeFrameAsync[TIOAdapter](CancellationToken cancellationToken)
   a"
"198","522漫画","https://www.522manhua.com","失效","SkippedNetwork","0","最新更新","Dead","","Dead","","https://www.522manhua.com","System.Management.Automation.MethodInvocationException: Exception calling ""GetResult"" with ""0"" argument(s): ""The SSL connection could not be established, see inner exception.""
 ---> System.Net.Http.HttpRequestException: The SSL connection could not be established, see inner exception.
 ---> System.Security.Authentication.AuthenticationException: Authentication failed because the remote party sent a TLS alert: 'InternalError'.
 ---> System.ComponentModel.Win32Exception (0x80090326): 接收到的消息异常，或"
"199","催漫漫画","http://www.cuimanhua.com","部分可用","NoResultsOrError","0","今日更新","Reachable","200","Reachable","200","https://www.cuimh.com/",""
"200","天天看漫画","https://www.ttkmh.com","可用","BrowseWorks","20","最新更新","Reachable","200","Reachable","200","https://www.ttkmh.com/",""
"201","呆哥哥","https://www.daigege.com","失效","SkippedNetwork","0","更新","Dead","","Dead","","https://www.daigege.com","System.Management.Automation.MethodInvocationException: Exception calling ""GetResult"" with ""0"" argument(s): ""The SSL connection could not be established, see inner exception.""
 ---> System.Net.Http.HttpRequestException: The SSL connection could not be established, see inner exception.
 ---> System.IO.IOException: Received an unexpected EOF or 0 bytes from the transport stream.
   at System.Net.Security.SslStream.ReceiveHandshakeFrameAsync[TIOAdapter](CancellationToken cancellationToken)
   a"
"202","来漫画","https://m.comemh8.com","部分可用","NotTestedNoCategory","0","","Reachable","200","Reachable","200","https://m.comemh8.com/",""
"203","来漫画网","https://m.laimanhua.org","可用","BrowseWorks","20","首页","Reachable","200","Reachable","200","https://m.laimanhua.org/",""
"204","L漫画","https://lmanhua.com","可用","BrowseWorks","20","最新更新","Reachable","200","Reachable","200","https://lmanhua.com/",""
"205","嬉皮漫画","https://m.hipmh.com","可用","BrowseWorks","18","推荐","Reachable","200","Reachable","200","https://m.hipmh.com/",""
"206","520漫画","https://m.kokomh.com","失效","SkippedNetwork","0","排行","Dead","","Dead","","https://m.kokomh.com","System.Management.Automation.MethodInvocationException: Exception calling ""GetResult"" with ""0"" argument(s): ""The SSL connection could not be established, see inner exception.""
 ---> System.Net.Http.HttpRequestException: The SSL connection could not be established, see inner exception.
 ---> System.IO.IOException: Received an unexpected EOF or 0 bytes from the transport stream.
   at System.Net.Security.SslStream.ReceiveHandshakeFrameAsync[TIOAdapter](CancellationToken cancellationToken)
   a"
"207","崩坏3漫画","https://comic.bh3.com","可用","BrowseWorks","20","目录","Reachable","200","Reachable","200","https://comic.bh3.com/",""
"208","泰拉记事社","https://terra-historicus.hypergryph.com","可用","BrowseWorks","20","漫画","Reachable","200","Reachable","200","https://comic.hypergryph.com/",""
"209","百合会","https://www.yamibo.com","可用","BrowseWorks","20","最新漫画","Reachable","200","Reachable","200","https://www.yamibo.com/site/novel",""
"210","龙王传说","https://www.longwangchuanshuo.com","可用","BrowseWorks","20","漫画","Blocked","200","Blocked","200","https://www.longwangchuanshuo.com/",""
"211","漫外音","http://m.manwaiyin.com","部分可用","NoResultsOrError","0","搞笑","Reachable","200","Reachable","200","http://m.manwaiyin.com/",""
"212","鬼萝莉漫画","http://www.gllmh.com","部分可用","NoResultsOrError","0","惊奇手札","Reachable","200","Reachable","200","https://d433.xdxjofalzgmgfotfjrecwrpttn.com/xh5mb/5272/mp2ga3",""
"213","僵尸王漫画","http://www.jswvip.net","部分可用","NoResultsOrError","0","恐怖漫画","Reachable","200","Reachable","200","http://www.jswvip.net/",""
"214","魔趣阁","https://m.moquge.com","失效","SkippedNetwork","0","首页","Dead","","Dead","","https://m.moquge.com","System.Management.Automation.MethodInvocationException: Exception calling ""GetResult"" with ""0"" argument(s): ""The SSL connection could not be established, see inner exception.""
 ---> System.Net.Http.HttpRequestException: The SSL connection could not be established, see inner exception.
 ---> System.IO.IOException: Received an unexpected EOF or 0 bytes from the transport stream.
   at System.Net.Security.SslStream.ReceiveHandshakeFrameAsync[TIOAdapter](CancellationToken cancellationToken)
   a"
"215","1359漫画","https://m.espipe.com","失效","SkippedNetwork","0","人气","Dead","","Dead","","https://m.espipe.com","System.Management.Automation.MethodInvocationException: Exception calling ""GetResult"" with ""0"" argument(s): ""The SSL connection could not be established, see inner exception.""
 ---> System.Net.Http.HttpRequestException: The SSL connection could not be established, see inner exception.
 ---> System.IO.IOException: Received an unexpected EOF or 0 bytes from the transport stream.
   at System.Net.Security.SslStream.ReceiveHandshakeFrameAsync[TIOAdapter](CancellationToken cancellationToken)
   a"
"216","1359漫画（PC）","https://www.espipe.com","失效","SkippedNetwork","0","全部","Dead","","Dead","","https://www.espipe.com","System.Management.Automation.MethodInvocationException: Exception calling ""GetResult"" with ""0"" argument(s): ""The SSL connection could not be established, see inner exception.""
 ---> System.Net.Http.HttpRequestException: The SSL connection could not be established, see inner exception.
 ---> System.IO.IOException: Received an unexpected EOF or 0 bytes from the transport stream.
   at System.Net.Security.SslStream.ReceiveHandshakeFrameAsync[TIOAdapter](CancellationToken cancellationToken)
   a"
"217","猪猪漫画","https://www.zhuzhumh.com","失效","SkippedNetwork","0","更新","Dead","521","Dead","521","https://www.zhuzhumh.com/",""
"218","118漫画","http://m.ccshwy.com","部分可用","SkippedNetwork","0","连载中","Reachable","200","Reachable","200","https://web.enybbs.com/app.html?a=26144493&d=m.ccshwy.com&sign=B26545B1C849388C534E2D628A061629&p=619184916&it=o0cjlndsb3r872qfa1m775dqa5fgspft7iou9pmu#/load",""
"219","118漫画（PC）","http://www.ccshwy.com","部分可用","SkippedNetwork","0","全部","Reachable","200","Reachable","200","https://web.enybbs.com/app.html?a=26144493&d=www.ccshwy.com&sign=B26545B1C849388C534E2D628A061629&p=619184916&it=r692vqbpo3jjda8de76kacqjp5ceht4f7tcl6vq9#/load",""
"220","冷月漫画","http://9000w.com","失效","NoResultsOrError","0","全部","Dead","","Dead","","http://9000w.com","System.Management.Automation.MethodInvocationException: Exception calling ""GetResult"" with ""0"" argument(s): ""The request was canceled due to the configured HttpClient.Timeout of 12 seconds elapsing.""
 ---> System.Threading.Tasks.TaskCanceledException: The request was canceled due to the configured HttpClient.Timeout of 12 seconds elapsing.
 ---> System.TimeoutException: The operation was canceled.
 ---> System.Threading.Tasks.TaskCanceledException: The operation was canceled.
 ---> System.IO"
"221","学外漫画","https://www.xuewailx.com","部分可用","NoResultsOrError","0","全部","Reachable","200","Reachable","200","https://www.xuewailx.com/",""
"222","BuffACG漫画","https://www.51hman.com","部分可用","NoResultsOrError","0","全部","Reachable","200","Reachable","200","https://www.51hman.com/",""
"223","看漫画啦","https://www.kanmanhuala.org","失效","SkippedNetwork","0","排行","Dead","","Dead","","https://www.kanmanhuala.org","System.Management.Automation.MethodInvocationException: Exception calling ""GetResult"" with ""0"" argument(s): ""The SSL connection could not be established, see inner exception.""
 ---> System.Net.Http.HttpRequestException: The SSL connection could not be established, see inner exception.
 ---> System.IO.IOException: Received an unexpected EOF or 0 bytes from the transport stream.
   at System.Net.Security.SslStream.ReceiveHandshakeFrameAsync[TIOAdapter](CancellationToken cancellationToken)
   a"
"224","得意漫画","https://mh.dymanhua.com","失效","SkippedNetwork","0","最新更新","Dead","","Dead","","https://mh.dymanhua.com","System.Management.Automation.MethodInvocationException: Exception calling ""GetResult"" with ""0"" argument(s): ""The SSL connection could not be established, see inner exception.""
 ---> System.Net.Http.HttpRequestException: The SSL connection could not be established, see inner exception.
 ---> System.IO.IOException: Received an unexpected EOF or 0 bytes from the transport stream.
   at System.Net.Security.SslStream.ReceiveHandshakeFrameAsync[TIOAdapter](CancellationToken cancellationToken)
   a"
"225","漫画456","https://m.manhua456.com","可用","BrowseWorks","20","最新更新","Reachable","200","Reachable","200","https://m.manhua456.com/",""
"226","258漫画","http://m.wnixk.com","部分可用","NoResultsOrError","0","更新","Reachable","200","Reachable","200","http://m.wnixk.com/",""
"227","258漫画（PC）","https://www.wnixk.com","失效","SkippedNetwork","0","最新更新","Dead","","Dead","","https://www.wnixk.com","System.Management.Automation.MethodInvocationException: Exception calling ""GetResult"" with ""0"" argument(s): ""The SSL connection could not be established, see inner exception.""
 ---> System.Net.Http.HttpRequestException: The SSL connection could not be established, see inner exception.
 ---> System.IO.IOException: Received an unexpected EOF or 0 bytes from the transport stream.
   at System.Net.Security.SslStream.ReceiveHandshakeFrameAsync[TIOAdapter](CancellationToken cancellationToken)
   a"
"228","木马动漫","https://omyschool.com","部分可用","NoResultsOrError","0","首页","Reachable","200","Reachable","200","https://omyschool.com/",""
"229","漫画牛","https://www.manhua666.cc","可用","BrowseWorks","6","首页","Reachable","200","Reachable","200","https://www.manhua666.cc/",""
"230","武侠漫画","https://m.wuxiamh.com","失效","SkippedNetwork","0","最新更新","Dead","","Dead","","https://m.wuxiamh.com","System.Management.Automation.MethodInvocationException: Exception calling ""GetResult"" with ""0"" argument(s): ""The SSL connection could not be established, see inner exception.""
 ---> System.Net.Http.HttpRequestException: The SSL connection could not be established, see inner exception.
 ---> System.IO.IOException: Received an unexpected EOF or 0 bytes from the transport stream.
   at System.Net.Security.SslStream.ReceiveHandshakeFrameAsync[TIOAdapter](CancellationToken cancellationToken)
   a"
"231","漫画台","https://m.manhuatai.com","失效","SkippedNetwork","0","每日更新","Dead","","Dead","","https://m.manhuatai.com","System.Management.Automation.MethodInvocationException: Exception calling ""GetResult"" with ""0"" argument(s): ""The SSL connection could not be established, see inner exception.""
 ---> System.Net.Http.HttpRequestException: The SSL connection could not be established, see inner exception.
 ---> System.Security.Authentication.AuthenticationException: The remote certificate is invalid because of errors in the certificate chain: NotTimeValid
   at System.Net.Security.SslStream.CompleteHandshake(SslA"
"232","漫画台（APP）","https://getconfig-globalapi.yyhao.com","可用","BrowseWorks","20","热度","Reachable","200","Reachable","200","https://getconfig-globalapi.yyhao.com/",""
"233","神漫画","https://m.taomanhua.com","失效","SkippedNetwork","0","每日更新","Dead","","Dead","","https://m.taomanhua.com","System.Management.Automation.MethodInvocationException: Exception calling ""GetResult"" with ""0"" argument(s): ""The SSL connection could not be established, see inner exception.""
 ---> System.Net.Http.HttpRequestException: The SSL connection could not be established, see inner exception.
 ---> System.Security.Authentication.AuthenticationException: The remote certificate is invalid because of errors in the certificate chain: NotTimeValid
   at System.Net.Security.SslStream.CompleteHandshake(SslA"
"234","神漫画（APP）","https://getconfig-globalapi.yyhao.com","部分可用","SkippedNetwork","0","热度","Reachable","200","Reachable","200","https://getconfig-globalapi.yyhao.com/",""
"235","爱优漫","https://m.iyouman.com","失效","SkippedNetwork","0","人气","Dead","","Dead","","https://m.iyouman.com","System.Management.Automation.MethodInvocationException: Exception calling ""GetResult"" with ""0"" argument(s): ""The SSL connection could not be established, see inner exception.""
 ---> System.Net.Http.HttpRequestException: The SSL connection could not be established, see inner exception.
 ---> System.Security.Authentication.AuthenticationException: The remote certificate is invalid because of errors in the certificate chain: NotTimeValid
   at System.Net.Security.SslStream.CompleteHandshake(SslA"
"236","爱优漫（APP）","https://getconfig-globalapi.yyhao.com","可用","BrowseWorks","20","人气","Reachable","200","Reachable","200","https://getconfig-globalapi.yyhao.com/",""
"237","漫画码（PC）","https://www.manhuama.com","部分可用","NoResultsOrError","0","全部","Reachable","200","Reachable","200","https://www.manhuama.com/",""
"238","40漫画","https://www.40manhua.com","部分可用","NoResultsOrError","0","全部","Blocked","","Blocked","","https://www.40manhua.com","System.Management.Automation.MethodInvocationException: Exception calling ""GetResult"" with ""0"" argument(s): ""An error occurred while sending the request.""
 ---> System.Net.Http.HttpRequestException: An error occurred while sending the request.
 ---> System.Net.Http.HttpIOException: The response ended prematurely. (ResponseEnded)
   at System.Net.Http.HttpConnection.SendAsync(HttpRequestMessage request, Boolean async, CancellationToken cancellationToken)
   --- End of inner exception stack tr"
"239","漫客栈","https://www.mkzhan.com","可用","BrowseWorks","20","全部","Reachable","200","Reachable","200","https://www.mkzhan.com/",""
"240","漫客栈（APP）","https://comic.mkzhan.com","可用","BrowseWorks","12","热门人气","Reachable","200","Reachable","200","https://comic.mkzhan.com/",""
"241","知音漫客","https://m.zymk.cn","可用","BrowseWorks","16","热血","Reachable","200","Reachable","200","https://m.zymk.cn/",""
"242","知音漫客（APP）","https://m.zymk.cn","部分可用","SkippedNetwork","0","热血-更新","Reachable","200","Dead","","https://m.zymk.cn","System.Management.Automation.MethodInvocationException: Exception calling ""GetResult"" with ""0"" argument(s): ""The request was canceled due to the configured HttpClient.Timeout of 12 seconds elapsing.""
 ---> System.Threading.Tasks.TaskCanceledException: The request was canceled due to the configured HttpClient.Timeout of 12 seconds elapsing.
 ---> System.TimeoutException: The operation was canceled.
 ---> System.Threading.Tasks.TaskCanceledException: The operation was canceled.
 ---> System.IO"
"243","咪咕动漫","https://m.migudm.cn","部分可用","SkippedNetwork","0","人气","Reachable","200","Reachable","200","https://m.migudm.cn/",""
"244","爱飒漫画","https://m.isamanhua.com","失效","SkippedNetwork","0","全部","Dead","","Dead","","https://m.isamanhua.com","System.Management.Automation.MethodInvocationException: Exception calling ""GetResult"" with ""0"" argument(s): ""The SSL connection could not be established, see inner exception.""
 ---> System.Net.Http.HttpRequestException: The SSL connection could not be established, see inner exception.
 ---> System.Security.Authentication.AuthenticationException: The remote certificate is invalid because of errors in the certificate chain: NotTimeValid
   at System.Net.Security.SslStream.CompleteHandshake(SslA"
"245","77动漫","https://m.77dmh.com","失效","SkippedNetwork","0","更新","Dead","","Dead","","https://m.77dmh.com","System.Management.Automation.MethodInvocationException: Exception calling ""GetResult"" with ""0"" argument(s): ""The SSL connection could not be established, see inner exception.""
 ---> System.Net.Http.HttpRequestException: The SSL connection could not be established, see inner exception.
 ---> System.IO.IOException: Received an unexpected EOF or 0 bytes from the transport stream.
   at System.Net.Security.SslStream.ReceiveHandshakeFrameAsync[TIOAdapter](CancellationToken cancellationToken)
   a"
"246","漫画芯","https://m.mhxin.com","部分可用","SkippedNetwork","0","全部","Reachable","200","Reachable","200","https://m.mhxin.com/",""
"247","爱米推漫画","https://m.imitui.com","失效","SkippedNetwork","0","全部","Dead","","Dead","","https://m.imitui.com","System.Management.Automation.MethodInvocationException: Exception calling ""GetResult"" with ""0"" argument(s): ""The SSL connection could not be established, see inner exception.""
 ---> System.Net.Http.HttpRequestException: The SSL connection could not be established, see inner exception.
 ---> System.IO.IOException: Received an unexpected EOF or 0 bytes from the transport stream.
   at System.Net.Security.SslStream.ReceiveHandshakeFrameAsync[TIOAdapter](CancellationToken cancellationToken)
   a"
"248","爱米推漫画（PC）","https://www.imitui.com","失效","SkippedNetwork","0","最新更新","Dead","","Dead","","https://www.imitui.com","System.Management.Automation.MethodInvocationException: Exception calling ""GetResult"" with ""0"" argument(s): ""The SSL connection could not be established, see inner exception.""
 ---> System.Net.Http.HttpRequestException: The SSL connection could not be established, see inner exception.
 ---> System.IO.IOException: Received an unexpected EOF or 0 bytes from the transport stream.
   at System.Net.Security.SslStream.ReceiveHandshakeFrameAsync[TIOAdapter](CancellationToken cancellationToken)
   a"
"249","冰氪漫画","https://ikr.ejujiu.com","部分可用","NoResultsOrError","0","全部","Blocked","403","Blocked","403","https://ikr.ejujiu.com/",""
"250","ACG和谐漫画","https://m.acgz1.com","失效","NoResultsOrError","0","人气排行","Dead","","Dead","","https://m.acgz1.com","System.Management.Automation.MethodInvocationException: Exception calling ""GetResult"" with ""0"" argument(s): ""The SSL connection could not be established, see inner exception.""
 ---> System.Net.Http.HttpRequestException: The SSL connection could not be established, see inner exception.
 ---> System.IO.IOException: Received an unexpected EOF or 0 bytes from the transport stream.
   at System.Net.Security.SslStream.ReceiveHandshakeFrameAsync[TIOAdapter](CancellationToken cancellationToken)
   a"
"251","蒂亚漫画","https://m.diya1.com","部分可用","NoResultsOrError","0","人气排行","Blocked","","Blocked","","https://m.diya1.com","System.Management.Automation.MethodInvocationException: Exception calling ""GetResult"" with ""0"" argument(s): ""An error occurred while sending the request.""
 ---> System.Net.Http.HttpRequestException: An error occurred while sending the request.
 ---> System.Net.Http.HttpIOException: The response ended prematurely. (ResponseEnded)
   at System.Net.Http.HttpConnection.SendAsync(HttpRequestMessage request, Boolean async, CancellationToken cancellationToken)
   --- End of inner exception stack tr"
"252","前未漫画","https://m.qianmh.com","失效","NoResultsOrError","0","最新更新","Dead","","Dead","502","https://m.qianmh.com/","System.Management.Automation.MethodInvocationException: Exception calling ""GetResult"" with ""0"" argument(s): ""The request was canceled due to the configured HttpClient.Timeout of 12 seconds elapsing.""
 ---> System.Threading.Tasks.TaskCanceledException: The request was canceled due to the configured HttpClient.Timeout of 12 seconds elapsing.
 ---> System.TimeoutException: The operation was canceled.
 ---> System.Threading.Tasks.TaskCanceledException: The operation was canceled.
 ---> System.IO"
"253","呱呱漫画","https://mip.guagua456.com","部分可用","NoResultsOrError","0","最热","Blocked","403","Blocked","403","https://mip.guagua456.com/",""
"254","果果漫画","https://m.guoguomh.com","失效","SkippedNetwork","0","更新","Dead","","Dead","","https://m.guoguomh.com","System.Management.Automation.MethodInvocationException: Exception calling ""GetResult"" with ""0"" argument(s): ""The SSL connection could not be established, see inner exception.""
 ---> System.Net.Http.HttpRequestException: The SSL connection could not be established, see inner exception.
 ---> System.IO.IOException: Received an unexpected EOF or 0 bytes from the transport stream.
   at System.Net.Security.SslStream.ReceiveHandshakeFrameAsync[TIOAdapter](CancellationToken cancellationToken)
   a"
"255","多多漫画","https://m.duoduomh.com","失效","SkippedNetwork","0","人气排行","Dead","","Dead","","https://m.duoduomh.com","System.Management.Automation.MethodInvocationException: Exception calling ""GetResult"" with ""0"" argument(s): ""The SSL connection could not be established, see inner exception.""
 ---> System.Net.Http.HttpRequestException: The SSL connection could not be established, see inner exception.
 ---> System.IO.IOException: Received an unexpected EOF or 0 bytes from the transport stream.
   at System.Net.Security.SslStream.ReceiveHandshakeFrameAsync[TIOAdapter](CancellationToken cancellationToken)
   a"
"256","多多漫画（APP）","https://api.duoduomh.1a3.net","失效","SkippedNetwork","0","最新漫画","Dead","","Dead","","https://api.duoduomh.1a3.net","System.Management.Automation.MethodInvocationException: Exception calling ""GetResult"" with ""0"" argument(s): ""The SSL connection could not be established, see inner exception.""
 ---> System.Net.Http.HttpRequestException: The SSL connection could not be established, see inner exception.
 ---> System.IO.IOException: Received an unexpected EOF or 0 bytes from the transport stream.
   at System.Net.Security.SslStream.ReceiveHandshakeFrameAsync[TIOAdapter](CancellationToken cancellationToken)
   a"
"257","jpm1234漫画","http://www.jpm1234.com","部分可用","NoResultsOrError","0","最新发布","Reachable","200","Reachable","200","http://www.jpm1234.com/",""
"258","686漫画","https://www.686mh.com","失效","SkippedNetwork","0","全部","Dead","","Dead","","https://www.686mh.com","System.Management.Automation.MethodInvocationException: Exception calling ""GetResult"" with ""0"" argument(s): ""The SSL connection could not be established, see inner exception.""
 ---> System.Net.Http.HttpRequestException: The SSL connection could not be established, see inner exception.
 ---> System.IO.IOException: Received an unexpected EOF or 0 bytes from the transport stream.
   at System.Net.Security.SslStream.ReceiveHandshakeFrameAsync[TIOAdapter](CancellationToken cancellationToken)
   a"
"259","666漫画","http://m.201jl.com","部分可用","SkippedNetwork","0","更新","Blocked","","Blocked","","http://m.201jl.com","System.Management.Automation.MethodInvocationException: Exception calling ""GetResult"" with ""0"" argument(s): ""An error occurred while sending the request.""
 ---> System.Net.Http.HttpRequestException: An error occurred while sending the request.
 ---> System.Net.Http.HttpIOException: The response ended prematurely. (ResponseEnded)
   at System.Net.Http.HttpConnection.SendAsync(HttpRequestMessage request, Boolean async, CancellationToken cancellationToken)
   --- End of inner exception stack tr"
"260","飞飞漫画","http://www.ffmh123.com","可用","BrowseWorks","20","最新","Reachable","200","Reachable","200","http://www.feifeimanhua.vip/",""
"261","去去漫画","http://www.ququmh.com","部分可用","NotTestedNoCategory","0","","Reachable","200","Reachable","200","http://www.ququmh.vip/",""
"262","咱追漫画","http://www.zanzhui.com","可用","BrowseWorks","20","更新","Reachable","200","Reachable","200","https://www.zanzhui.com/",""
"263","漫画站","https://m.manhuazhan.org","部分可用","NoResultsOrError","0","更新","Reachable","200","Reachable","200","https://m.manhuazhan.org/",""
"264","最新漫画","https://www.zuixinmanhua.com","失效","NoResultsOrError","0","更新","Dead","","Dead","","https://www.zuixinmanhua.com","System.Management.Automation.MethodInvocationException: Exception calling ""GetResult"" with ""0"" argument(s): ""The SSL connection could not be established, see inner exception.""
 ---> System.Net.Http.HttpRequestException: The SSL connection could not be established, see inner exception.
 ---> System.IO.IOException: Received an unexpected EOF or 0 bytes from the transport stream.
   at System.Net.Security.SslStream.ReceiveHandshakeFrameAsync[TIOAdapter](CancellationToken cancellationToken)
   a"
"265","樱花漫画","http://yinghuamh.net","失效","SkippedNetwork","0","最新更新","Dead","","Dead","","http://yinghuamh.net","System.Management.Automation.MethodInvocationException: Exception calling ""GetResult"" with ""0"" argument(s): ""The request was canceled due to the configured HttpClient.Timeout of 12 seconds elapsing.""
 ---> System.Threading.Tasks.TaskCanceledException: The request was canceled due to the configured HttpClient.Timeout of 12 seconds elapsing.
 ---> System.TimeoutException: The operation was canceled.
 ---> System.Threading.Tasks.TaskCanceledException: The operation was canceled.
 ---> System.IO"
"266","可亚漫画","http://www.keyamanhua.com","部分可用","NoResultsOrError","0","连载中","Reachable","200","Reachable","200","http://www.keyamanhua.com/",""
"267","飞雪漫画","https://www.feixuemh.com","部分可用","NoResultsOrError","0","总点击","Reachable","200","Reachable","200","https://www.feixuemh.com/",""
"268","百漫谷","https://darpou.com","失效","SkippedNetwork","0","漫画更新","Dead","521","Dead","521","https://darpou.com/",""
"269","千漫谷","https://www.wuforcongress.com","失效","SkippedNetwork","0","漫画更新","Dead","","Dead","","https://www.wuforcongress.com","System.Management.Automation.MethodInvocationException: Exception calling ""GetResult"" with ""0"" argument(s): ""The request was canceled due to the configured HttpClient.Timeout of 12 seconds elapsing.""
 ---> System.Threading.Tasks.TaskCanceledException: The request was canceled due to the configured HttpClient.Timeout of 12 seconds elapsing.
 ---> System.TimeoutException: The operation was canceled.
 ---> System.Threading.Tasks.TaskCanceledException: The operation was canceled.
 ---> System.IO"
"270","豆豆漫画","https://www.cbfpay.com","失效","SkippedNetwork","0","总点击","Dead","","Dead","","https://www.cbfpay.com","System.Management.Automation.MethodInvocationException: Exception calling ""GetResult"" with ""0"" argument(s): ""The SSL connection could not be established, see inner exception.""
 ---> System.Net.Http.HttpRequestException: The SSL connection could not be established, see inner exception.
 ---> System.IO.IOException: Received an unexpected EOF or 0 bytes from the transport stream.
   at System.Net.Security.SslStream.ReceiveHandshakeFrameAsync[TIOAdapter](CancellationToken cancellationToken)
   a"
"271","大古漫画","https://www.dgmanhua.com","部分可用","NoResultsOrError","0","更新","Reachable","301","Reachable","301","https://www.dgmanhua.com/",""
"272","动漫在线","http://m.dmzx.com","部分可用","SkippedNetwork","0","最近更新","Reachable","200","Reachable","200","http://m.dmzx.com/",""
"273","4399动漫","http://www.4399dmw.com","部分可用","NoResultsOrError","0","不限","Blocked","","Blocked","","http://www.4399dmw.com","System.Management.Automation.MethodInvocationException: Exception calling ""GetResult"" with ""0"" argument(s): ""An error occurred while sending the request.""
 ---> System.Net.Http.HttpRequestException: An error occurred while sending the request.
 ---> System.Net.Http.HttpIOException: The response ended prematurely. (ResponseEnded)
   at System.Net.Http.HttpConnection.SendAsync(HttpRequestMessage request, Boolean async, CancellationToken cancellationToken)
   --- End of inner exception stack tr"
"274","SFACG漫画","https://mm.sfacg.com","可用","BrowseWorks","6","更新","Reachable","200","Reachable","200","https://mm.sfacg.com/",""
"275","ACG456","http://m.acg456.com","部分可用","NoResultsOrError","0","更新","Reachable","200","Reachable","200","http://m.acg456.com/",""
"276","下拉式漫画","https://m.xlsmh.com","部分可用","NoResultsOrError","0","已完结","Dead","","Reachable","200","https://m.xlsmh.com/","System.Management.Automation.MethodInvocationException: Exception calling ""GetResult"" with ""0"" argument(s): ""The SSL connection could not be established, see inner exception.""
 ---> System.Net.Http.HttpRequestException: The SSL connection could not be established, see inner exception.
 ---> System.IO.IOException: Received an unexpected EOF or 0 bytes from the transport stream.
   at System.Net.Security.SslStream.ReceiveHandshakeFrameAsync[TIOAdapter](CancellationToken cancellationToken)
   a"
"277","优酷漫画","http://m.ykmh.net","部分可用","NoResultsOrError","0","排行","Blocked","403","Blocked","403","http://m.ykmh.net/",""
"278","猎奇漫画","https://www.lieqiman.com","部分可用","NoResultsOrError","0","首页","Reachable","200","Reachable","200","https://www.lieqimh.com/",""
"279","奇妙漫画网","https://www.cxjob.com.cn","可用","BrowseWorks","20","连载","Dead","","Reachable","200","https://www.cxjob.com.cn/","System.Management.Automation.MethodInvocationException: Exception calling ""GetResult"" with ""0"" argument(s): ""The SSL connection could not be established, see inner exception.""
 ---> System.Net.Http.HttpRequestException: The SSL connection could not be established, see inner exception.
 ---> System.IO.IOException: Received an unexpected EOF or 0 bytes from the transport stream.
   at System.Net.Security.SslStream.ReceiveHandshakeFrameAsync[TIOAdapter](CancellationToken cancellationToken)
   a"
"280","考拉漫画","http://cn.colacomic.com","部分可用","NoResultsOrError","0","更新","Reachable","200","Reachable","200","http://cn.colacomic.com/",""
"281","野蛮考拉","http://mhbao.colacomic.com","部分可用","NoResultsOrError","0","连载中","Reachable","200","Reachable","200","http://mhbao.colacomic.com/",""
"282","TIBIU漫画","https://comic.tibiu.net","可用","BrowseWorks","10","人气","Reachable","200","Reachable","200","https://comic.tibiu.net/",""
"283","奇漫屋","https://www.mqzjw.com","部分可用","SkippedNetwork","0","最新上架","Reachable","200","Reachable","200","https://y4h4s84eqqlwmlu5.urlg.cc/",""
"284","奇漫屋网","https://m.qimanwu.app","可用","BrowseWorks","10","最新更新","Reachable","200","Reachable","200","https://m.qimanwu.app/",""
"285","36漫画","https://m.36mh.org","可用","BrowseWorks","10","最新更新","Reachable","200","Reachable","200","https://m.36mh.org/",""
"286","漫漫睇","https://m.manmantai.com","失效","SkippedNetwork","0","热门排行","Dead","","Dead","","https://m.manmantai.com","System.Management.Automation.MethodInvocationException: Exception calling ""GetResult"" with ""0"" argument(s): ""The request was canceled due to the configured HttpClient.Timeout of 12 seconds elapsing.""
 ---> System.Threading.Tasks.TaskCanceledException: The request was canceled due to the configured HttpClient.Timeout of 12 seconds elapsing.
 ---> System.TimeoutException: A task was canceled.
 ---> System.Threading.Tasks.TaskCanceledException: A task was canceled.
   at System.Threading.Tasks."
"287","啵乐漫画","https://boysyo.cc","可用","BrowseWorks","20","最新","Blocked","418","Blocked","418","https://boysyo.cc/",""
"288","啵乐漫画防走失","https://aboboy.cc","部分可用","NotTestedNoCategory","0","","Blocked","418","Blocked","418","https://aboboy.cc/",""
"289","一耽女孩","https://yidan7.club","失效","NoResultsOrError","0","青梅竹马","Dead","","Dead","","https://yidan7.club","System.Management.Automation.MethodInvocationException: Exception calling ""GetResult"" with ""0"" argument(s): ""The SSL connection could not be established, see inner exception.""
 ---> System.Net.Http.HttpRequestException: The SSL connection could not be established, see inner exception.
 ---> System.IO.IOException: Received an unexpected EOF or 0 bytes from the transport stream.
   at System.Net.Security.SslStream.ReceiveHandshakeFrameAsync[TIOAdapter](CancellationToken cancellationToken)
   a"
"290","线上漫画","https://www.xianshangmanhua.com","失效","NoResultsOrError","0","最新","Dead","","Dead","","https://www.xianshangmanhua.com","System.Management.Automation.MethodInvocationException: Exception calling ""GetResult"" with ""0"" argument(s): ""The SSL connection could not be established, see inner exception.""
 ---> System.Net.Http.HttpRequestException: The SSL connection could not be established, see inner exception.
 ---> System.IO.IOException: Received an unexpected EOF or 0 bytes from the transport stream.
   at System.Net.Security.SslStream.ReceiveHandshakeFrameAsync[TIOAdapter](CancellationToken cancellationToken)
   a"
"291","香香腐宅","https://boyloveheaven13.cc","可用","BrowseWorks","20","每日更新","Reachable","200","Reachable","200","https://boylove.cc/",""
"292","香香腐宅防走失","https://boyloveheaven14.cc","部分可用","NotTestedNoCategory","0","","Reachable","200","Reachable","200","https://boylove.cc/",""
"293","言耽社","https://yandanshe.net","可用","BrowseWorks","20","更新","Reachable","200","Reachable","200","https://yandanshe.net/",""
"294","哈哈漫画","https://www.mh01.net","失效","SkippedNetwork","0","全部","Dead","","Dead","","https://www.mh01.net","System.Management.Automation.MethodInvocationException: Exception calling ""GetResult"" with ""0"" argument(s): ""The request was canceled due to the configured HttpClient.Timeout of 12 seconds elapsing.""
 ---> System.Threading.Tasks.TaskCanceledException: The request was canceled due to the configured HttpClient.Timeout of 12 seconds elapsing.
 ---> System.TimeoutException: The operation was canceled.
 ---> System.Threading.Tasks.TaskCanceledException: The operation was canceled.
 ---> System.IO"
"295","Vomic漫画","https://www.vomicmh.com","可用","BrowseWorks","20","主页","Reachable","200","Reachable","200","https://www.vomicmh.com/",""
"296","V漫画（APP）","https://api.vmh.com","失效","SkippedNetwork","0","漫评榜","Dead","","Dead","","https://api.vmh.com","System.Management.Automation.MethodInvocationException: Exception calling ""GetResult"" with ""0"" argument(s): ""The SSL connection could not be established, see inner exception.""
 ---> System.Net.Http.HttpRequestException: The SSL connection could not be established, see inner exception.
 ---> System.IO.IOException: Received an unexpected EOF or 0 bytes from the transport stream.
   at System.Net.Security.SslStream.ReceiveHandshakeFrameAsync[TIOAdapter](CancellationToken cancellationToken)
   a"
"297","酷漫星（APP）","https://d9zfb53b.lstool.xyz","部分可用","NoResultsOrError","0","连载","Reachable","200","Reachable","200","https://d9zfb53b.lstool.xyz/",""
"298","43漫画","https://www.43mh.com","部分可用","SkippedNetwork","0","国产","Reachable","200","Reachable","200","https://www.43manhua.org/",""
"299","UC漫画","https://m.ucmh.app","失效","SkippedNetwork","0","全部","Dead","","Dead","","https://m.ucmh.app","System.Management.Automation.MethodInvocationException: Exception calling ""GetResult"" with ""0"" argument(s): ""The SSL connection could not be established, see inner exception.""
 ---> System.Net.Http.HttpRequestException: The SSL connection could not be established, see inner exception.
 ---> System.IO.IOException: Received an unexpected EOF or 0 bytes from the transport stream.
   at System.Net.Security.SslStream.ReceiveHandshakeFrameAsync[TIOAdapter](CancellationToken cancellationToken)
   a"
"300","追更漫画","http://www.zhuigeng.cc","可用","BrowseWorks","20","国产漫画","Reachable","200","Reachable","200","http://www.zhuigeng.cc/",""
"301","11漫画","https://www.11manhua.net","部分可用","NoResultsOrError","0","主页","Blocked","403","Blocked","403","https://www.11manhua.net/",""
"302","嗨皮漫画","https://m.happymh.com","失效","NoResultsOrError","0","全部","Dead","","Dead","","https://m.happymh.com","System.Management.Automation.MethodInvocationException: Exception calling ""GetResult"" with ""0"" argument(s): ""The SSL connection could not be established, see inner exception.""
 ---> System.Net.Http.HttpRequestException: The SSL connection could not be established, see inner exception.
 ---> System.IO.IOException: Received an unexpected EOF or 0 bytes from the transport stream.
   at System.Net.Security.SslStream.ReceiveHandshakeFrameAsync[TIOAdapter](CancellationToken cancellationToken)
   a"
"303","向日葵连环画","https://m.lhh1.com","可用","BrowseWorks","20","今日最新","Reachable","200","Reachable","200","https://m.lhh1.com/",""
"304","非常爱漫","https://www.veryim.com","可用","BrowseWorks","20","近期更新","Dead","","Dead","","https://www.veryim.com","System.Management.Automation.MethodInvocationException: Exception calling ""GetResult"" with ""0"" argument(s): ""The SSL connection could not be established, see inner exception.""
 ---> System.Net.Http.HttpRequestException: The SSL connection could not be established, see inner exception.
 ---> System.Security.Authentication.AuthenticationException: The remote certificate is invalid because of errors in the certificate chain: NotTimeValid
   at System.Net.Security.SslStream.CompleteHandshake(SslA"
"305","漫画猫","https://www.maofly.com","部分可用","NoResultsOrError","0","最近更新","Reachable","200","Reachable","200","https://www.maofly.com/",""
"306","漫画飞","https://m.manhuafei.com","失效","NoResultsOrError","0","最新更新","Dead","","Dead","","https://m.manhuafei.com","System.Management.Automation.MethodInvocationException: Exception calling ""GetResult"" with ""0"" argument(s): ""The SSL connection could not be established, see inner exception.""
 ---> System.Net.Http.HttpRequestException: The SSL connection could not be established, see inner exception.
 ---> System.IO.IOException: Received an unexpected EOF or 0 bytes from the transport stream.
   at System.Net.Security.SslStream.ReceiveHandshakeFrameAsync[TIOAdapter](CancellationToken cancellationToken)
   a"
"307","92字幕","https://92pu.com","失效","NoResultsOrError","0","最近更新","Dead","","Dead","","https://92pu.com","System.Management.Automation.MethodInvocationException: Exception calling ""GetResult"" with ""0"" argument(s): ""The SSL connection could not be established, see inner exception.""
 ---> System.Net.Http.HttpRequestException: The SSL connection could not be established, see inner exception.
 ---> System.IO.IOException: Received an unexpected EOF or 0 bytes from the transport stream.
   at System.Net.Security.SslStream.ReceiveHandshakeFrameAsync[TIOAdapter](CancellationToken cancellationToken)
   a"
"308","快岸漫画","https://kanbook.net","失效","SkippedNetwork","0","漫画大全","Dead","","Dead","","https://kanbook.net","System.Management.Automation.MethodInvocationException: Exception calling ""GetResult"" with ""0"" argument(s): ""The SSL connection could not be established, see inner exception.""
 ---> System.Net.Http.HttpRequestException: The SSL connection could not be established, see inner exception.
 ---> System.IO.IOException: Received an unexpected EOF or 0 bytes from the transport stream.
   at System.Net.Security.SslStream.ReceiveHandshakeFrameAsync[TIOAdapter](CancellationToken cancellationToken)
   a"
"309","KuKu动漫","http://m.dididm.cc","部分可用","SkippedNetwork","0","更新","Reachable","200","Reachable","200","http://m.dididm.cc/",""
"310","漫漫聚漫画","http://m.manmanju.cc","部分可用","NoResultsOrError","0","更新","Reachable","200","Reachable","200","https://aaabbb.72.chat/8d/?manmanju.cc",""
"311","新新漫画","https://www.77mh.com","失效","SkippedNetwork","0","最新上架","Dead","","Dead","","https://www.77mh.com","System.Management.Automation.MethodInvocationException: Exception calling ""GetResult"" with ""0"" argument(s): ""The SSL connection could not be established, see inner exception.""
 ---> System.Net.Http.HttpRequestException: The SSL connection could not be established, see inner exception.
 ---> System.IO.IOException: Received an unexpected EOF or 0 bytes from the transport stream.
   at System.Net.Security.SslStream.ReceiveHandshakeFrameAsync[TIOAdapter](CancellationToken cancellationToken)
   a"
"312","新新漫画网","https://xxmh749.com","可用","BrowseWorks","20","总点击","Blocked","444","Blocked","444","https://xxmh749.com/",""
"313","肉漫画","https://www.roumanhua.net","可用","BrowseWorks","20","全部","Blocked","403","Blocked","403","https://www.roumanhua.net/",""
"314","zero搬运网","https://www.zerobyw33.com","可用","BrowseWorks","20","上架","Reachable","200","Reachable","200","https://www.zerobyw33.com/Android/Android/",""
"315","ant搬运网","https://www.antbyw.com","可用","BrowseWorks","20","更新","Reachable","200","Reachable","200","https://www.antbyw.com/plugin.php?id=jameson_manhua",""
"316","漫画联合国","https://www.comicun.com","失效","NoResultsOrError","0","最新更新","Dead","","Dead","","https://www.comicun.com","System.Management.Automation.MethodInvocationException: Exception calling ""GetResult"" with ""0"" argument(s): ""The SSL connection could not be established, see inner exception.""
 ---> System.Net.Http.HttpRequestException: The SSL connection could not be established, see inner exception.
 ---> System.IO.IOException: Received an unexpected EOF or 0 bytes from the transport stream.
   at System.Net.Security.SslStream.ReceiveHandshakeFrameAsync[TIOAdapter](CancellationToken cancellationToken)
   a"
"317","Mangabz","https://www.mangabz.com","部分可用","NoResultsOrError","0","连载","Reachable","200","Reachable","200","https://www.mangabz.com/",""
"318","Mangabz（PC）","https://www.mangabz.com","部分可用","NoResultsOrError","0","人气","Reachable","200","Reachable","200","https://www.mangabz.com/",""
"319","X漫画","https://www.xmanhua.com","部分可用","NoResultsOrError","0","连载","Reachable","200","Reachable","200","https://www.xmanhua.com/",""
"320","X漫画（PC）","https://www.xmanhua.com","部分可用","NoResultsOrError","0","人气","Reachable","200","Reachable","200","https://www.xmanhua.com/",""
"321","XiangKan漫畫","https://www.2kju.com","部分可用","NotTestedNoCategory","0","","Reachable","200","Reachable","200","https://www.2kju.com/",""
"322","G漫画","http://www.gmanhua.com","可用","BrowseWorks","20","最近更新","Reachable","200","Reachable","200","https://www.gmanhua.com/",""
"323","热辣漫画","https://www.manga2026.xyz","部分可用","NoResultsOrError","0","更新時間","Reachable","200","Reachable","200","https://m.manga2026.xyz/v2h5",""
"324","拷贝漫画","https://www.copy4000.com","可用","BrowseWorks","20","更新時間","Reachable","200","Reachable","200","https://www.copy4000.com/h5",""
"325","拷贝漫画（APP）","https://www.copy4000.com/h5","可用","BrowseWorks","20","推荐","Reachable","200","Reachable","200","https://www.copy4000.com/h5",""
"326","开车漫画","http://18pfun.com","失效","SkippedNetwork","0","每周限免","Dead","502","Dead","502","http://18pfun.com/",""
"327","玉米动漫","https://aymdm.com","部分可用","NoResultsOrError","0","最新更新","Reachable","200","Reachable","200","https://aymdm.com/",""
"328","2Comic","https://m.twobili.com","失效","SkippedNetwork","0","最新","Dead","","Dead","","https://m.twobili.com","System.Management.Automation.MethodInvocationException: Exception calling ""GetResult"" with ""0"" argument(s): ""The SSL connection could not be established, see inner exception.""
 ---> System.Net.Http.HttpRequestException: The SSL connection could not be established, see inner exception.
 ---> System.IO.IOException: Received an unexpected EOF or 0 bytes from the transport stream.
   at System.Net.Security.SslStream.ReceiveHandshakeFrameAsync[TIOAdapter](CancellationToken cancellationToken)
   a"
"329","8Comic","https://www.comicabc.com","部分可用","NoResultsOrError","0","每日更新","Reachable","200","Reachable","200","https://www.8comic.com/",""
"330","HiComic（APP）","https://m.hicomic.net/h5","失效","SkippedNetwork","0","最近更新","Dead","","Dead","","https://m.hicomic.net/h5","System.Management.Automation.MethodInvocationException: Exception calling ""GetResult"" with ""0"" argument(s): ""The SSL connection could not be established, see inner exception.""
 ---> System.Net.Http.HttpRequestException: The SSL connection could not be established, see inner exception.
 ---> System.IO.IOException: Received an unexpected EOF or 0 bytes from the transport stream.
   at System.Net.Security.SslStream.ReceiveHandshakeFrameAsync[TIOAdapter](CancellationToken cancellationToken)
   a"
"331","漫百库","https://www.manhuabaiku.com","失效","SkippedNetwork","0","全部","Dead","","Dead","","https://www.manhuabaiku.com","System.Management.Automation.MethodInvocationException: Exception calling ""GetResult"" with ""0"" argument(s): ""The SSL connection could not be established, see inner exception.""
 ---> System.Net.Http.HttpRequestException: The SSL connection could not be established, see inner exception.
 ---> System.IO.IOException: Received an unexpected EOF or 0 bytes from the transport stream.
   at System.Net.Security.SslStream.ReceiveHandshakeFrameAsync[TIOAdapter](CancellationToken cancellationToken)
   a"
"332","G站漫画","https://m.g-mh.org","可用","BrowseWorks","18","热门排行","Reachable","200","Reachable","200","https://m.g-mh.org/",""
"333","GodaManga","https://manhuascans.org","可用","BrowseWorks","18","热门排行","Reachable","200","Reachable","200","https://manhuascans.org/",""
"334","好国漫","https://m.haoguoman8.com","部分可用","SkippedNetwork","0","更新","Reachable","200","Reachable","200","https://m.haoguoman8.com/",""
"335","漫画鱼","https://m.manhuayu88.com","部分可用","NoResultsOrError","0","更新","Reachable","200","Reachable","200","https://m.manhuayu88.com/",""
"336","好多漫","https://m.haoduoman.com","部分可用","SkippedNetwork","0","更新","Reachable","200","Reachable","200","https://m.haoduoman.com/",""
"337","漫画100","https://m.manhua100.com","部分可用","SkippedNetwork","0","更新","Reachable","200","Reachable","200","https://m.manhua100.com/",""
"338","漫画狗","https://m.manhuagou.net","部分可用","NoResultsOrError","0","最新","Blocked","200","Blocked","200","https://m.manhuagou.net/",""
"339","漫畫狗","https://dogemanga.com","可用","BrowseWorks","20","首页","Reachable","200","Reachable","200","https://dogemanga.com/",""
"340","看漫畫","https://www.k886.net","部分可用","NoResultsOrError","0","最新更新","Reachable","200","Reachable","200","https://m.k886.net/",""
"341","TVBS漫画","https://www.tvbsmh.com","失效","SkippedNetwork","0","更新時間","Dead","","Dead","","https://www.tvbsmh.com","System.Management.Automation.MethodInvocationException: Exception calling ""GetResult"" with ""0"" argument(s): ""The request was canceled due to the configured HttpClient.Timeout of 12 seconds elapsing.""
 ---> System.Threading.Tasks.TaskCanceledException: The request was canceled due to the configured HttpClient.Timeout of 12 seconds elapsing.
 ---> System.TimeoutException: The operation was canceled.
 ---> System.Threading.Tasks.TaskCanceledException: The operation was canceled.
 ---> System.IO"
"342","山立漫画","https://www.setnmh.com","失效","SkippedNetwork","0","更新時間","Dead","","Dead","","https://www.setnmh.com","System.Management.Automation.MethodInvocationException: Exception calling ""GetResult"" with ""0"" argument(s): ""The request was canceled due to the configured HttpClient.Timeout of 12 seconds elapsing.""
 ---> System.Threading.Tasks.TaskCanceledException: The request was canceled due to the configured HttpClient.Timeout of 12 seconds elapsing.
 ---> System.TimeoutException: The operation was canceled.
 ---> System.Threading.Tasks.TaskCanceledException: The operation was canceled.
 ---> System.IO"
"343","漫画库","https://www.mhku.net","失效","NoResultsOrError","0","最新更新","Dead","","Dead","","https://www.mhku.net","System.Management.Automation.MethodInvocationException: Exception calling ""GetResult"" with ""0"" argument(s): ""The SSL connection could not be established, see inner exception.""
 ---> System.Net.Http.HttpRequestException: The SSL connection could not be established, see inner exception.
 ---> System.IO.IOException: Received an unexpected EOF or 0 bytes from the transport stream.
   at System.Net.Security.SslStream.ReceiveHandshakeFrameAsync[TIOAdapter](CancellationToken cancellationToken)
   a"
"344","风之动漫","https://manhua.fffdm.com","部分可用","NoResultsOrError","0","日漫","Reachable","200","Reachable","200","https://manhua.fffdm.com/",""
"345","动漫戏说","https://comic.acgn.cc","可用","BrowseWorks","20","冒險","Reachable","200","Reachable","200","https://comic.acgn.cc/",""
"346","漫画柜","https://www.mhgui.com","部分可用","NoResultsOrError","0","全部","Dead","","Reachable","200","https://m.manhuagui.com/","System.Management.Automation.MethodInvocationException: Exception calling ""GetResult"" with ""0"" argument(s): ""The SSL connection could not be established, see inner exception.""
 ---> System.Net.Http.HttpRequestException: The SSL connection could not be established, see inner exception.
 ---> System.IO.IOException: Received an unexpected EOF or 0 bytes from the transport stream.
   at System.Net.Security.SslStream.ReceiveHandshakeFrameAsync[TIOAdapter](CancellationToken cancellationToken)
   a"
"347","漫畫櫃","https://tw.manhuagui.com","部分可用","NoResultsOrError","0","全部","Reachable","200","Reachable","200","https://tw.manhuagui.com/",""
"348","Komiic漫畫","https://komiic.com","部分可用","NoResultsOrError","0","最新更新","Blocked","200","Blocked","200","https://komiic.com/",""
"349","奴奴漫画","https://www.2nunu.com","失效","SkippedNetwork","0","今日更新","Dead","","Dead","","https://www.2nunu.com","System.Management.Automation.MethodInvocationException: Exception calling ""GetResult"" with ""0"" argument(s): ""The request was canceled due to the configured HttpClient.Timeout of 12 seconds elapsing.""
 ---> System.Threading.Tasks.TaskCanceledException: The request was canceled due to the configured HttpClient.Timeout of 12 seconds elapsing.
 ---> System.TimeoutException: The operation was canceled.
 ---> System.Threading.Tasks.TaskCanceledException: The operation was canceled.
 ---> System.IO"
"350","动漫狂","https://www.cartoonmad.com","失效","SkippedNetwork","0","最新上架","Dead","","Dead","","https://www.cartoonmad.com","System.Management.Automation.MethodInvocationException: Exception calling ""GetResult"" with ""0"" argument(s): ""The SSL connection could not be established, see inner exception.""
 ---> System.Net.Http.HttpRequestException: The SSL connection could not be established, see inner exception.
 ---> System.IO.IOException: Received an unexpected EOF or 0 bytes from the transport stream.
   at System.Net.Security.SslStream.ReceiveHandshakeFrameAsync[TIOAdapter](CancellationToken cancellationToken)
   a"
"351","二次元动漫","https://www.2animx.com","失效","SkippedNetwork","0","全部","Dead","","Dead","","https://www.2animx.com","System.Management.Automation.MethodInvocationException: Exception calling ""GetResult"" with ""0"" argument(s): ""The request was canceled due to the configured HttpClient.Timeout of 12 seconds elapsing.""
 ---> System.Threading.Tasks.TaskCanceledException: The request was canceled due to the configured HttpClient.Timeout of 12 seconds elapsing.
 ---> System.TimeoutException: The operation was canceled.
 ---> System.Threading.Tasks.TaskCanceledException: The operation was canceled.
 ---> System.IO"
"352","98漫畫網","https://www.98comic.com","部分可用","NoResultsOrError","0","最新發佈","Dead","","Reachable","200","https://www.98comic.com/","System.Management.Automation.MethodInvocationException: Exception calling ""GetResult"" with ""0"" argument(s): ""The SSL connection could not be established, see inner exception.""
 ---> System.Net.Http.HttpRequestException: The SSL connection could not be established, see inner exception.
 ---> System.IO.IOException: Received an unexpected EOF or 0 bytes from the transport stream.
   at System.Net.Security.SslStream.ReceiveHandshakeFrameAsync[TIOAdapter](CancellationToken cancellationToken)
   a"
"353","動漫花園","http://share.dmhy.org","部分可用","NoResultsOrError","0","漫畫類組","Reachable","200","Reachable","200","https://share.dmhy.org/",""
"354","マンガクロス","https://mangacross.jp","部分可用","NoResultsOrError","0","掲載作品一覧","Reachable","200","Reachable","200","https://championcross.jp/",""
"355","韩漫热","https://www.hanmanhot.com","部分可用","NoResultsOrError","0","全部","Reachable","200","Reachable","200","https://www.hanmanhot.com/",""
"356","哈哈韩漫","https://www.hpicc.org","部分可用","NoResultsOrError","0","每日更新","Blocked","","Blocked","","https://www.hpicc.org","System.Management.Automation.MethodInvocationException: Exception calling ""GetResult"" with ""0"" argument(s): ""An error occurred while sending the request.""
 ---> System.Net.Http.HttpRequestException: An error occurred while sending the request.
 ---> System.Net.Http.HttpIOException: The response ended prematurely. (ResponseEnded)
   at System.Net.Http.HttpConnection.SendAsync(HttpRequestMessage request, Boolean async, CancellationToken cancellationToken)
   --- End of inner exception stack tr"
"357","急速韩漫","https://www.sckaichi.com","失效","SkippedNetwork","0","连载中","Dead","","Dead","","https://www.sckaichi.com","System.Management.Automation.MethodInvocationException: Exception calling ""GetResult"" with ""0"" argument(s): ""The SSL connection could not be established, see inner exception.""
 ---> System.Net.Http.HttpRequestException: The SSL connection could not be established, see inner exception.
 ---> System.IO.IOException: Received an unexpected EOF or 0 bytes from the transport stream.
   at System.Net.Security.SslStream.ReceiveHandshakeFrameAsync[TIOAdapter](CancellationToken cancellationToken)
   a"
"358","韩国污漫画","http://wuman.org","部分可用","NoResultsOrError","0","韩国漫画","Reachable","200","Reachable","200","http://wuman.org/",""
"359","韩漫窝","http://www.hanmanwo.com","部分可用","NoResultsOrError","0","全部","Reachable","200","Reachable","200","http://www.hanmanwo.com/",""
"360","乐乐韩漫","https://www.hmwu.cc","部分可用","NoResultsOrError","0","全部","Reachable","200","Reachable","200","https://www.hmwu.cc/",""
"361","九九韩漫","https://www.99mh1.com","部分可用","NoResultsOrError","0","全部","Reachable","200","Reachable","200","https://www.glwxye.cc:9672/",""
"362","Funbe韩漫","https://funbe578.com","失效","SkippedNetwork","0","웹툰","Dead","","Dead","","https://funbe578.com","System.Management.Automation.MethodInvocationException: Exception calling ""GetResult"" with ""0"" argument(s): ""The SSL connection could not be established, see inner exception.""
 ---> System.Net.Http.HttpRequestException: The SSL connection could not be established, see inner exception.
 ---> System.IO.IOException: Received an unexpected EOF or 0 bytes from the transport stream.
   at System.Net.Security.SslStream.ReceiveHandshakeFrameAsync[TIOAdapter](CancellationToken cancellationToken)
   a"
"363","蚂蚁漫画","https://m.xuxumh.com","部分可用","NoResultsOrError","0","剧情","Reachable","200","Reachable","200","https://m.xuxumh.com/",""
"364","BL漫画","https://www.ybsight.com","部分可用","NoResultsOrError","0","连载","Reachable","200","Reachable","200","https://www.ybsight.com/",""
"365","BL漫画网","https://www.kanbl.com","部分可用","NoResultsOrError","0","排行","Dead","","Reachable","200","https://www.kanbl.com/","System.Management.Automation.MethodInvocationException: Exception calling ""GetResult"" with ""0"" argument(s): ""The SSL connection could not be established, see inner exception.""
 ---> System.Net.Http.HttpRequestException: The SSL connection could not be established, see inner exception.
 ---> System.IO.IOException: Received an unexpected EOF or 0 bytes from the transport stream.
   at System.Net.Security.SslStream.ReceiveHandshakeFrameAsync[TIOAdapter](CancellationToken cancellationToken)
   a"
"366","爱漫画吧","https://www.ikanm8.com","失效","SkippedNetwork","0","最新","Dead","","Dead","","https://www.ikanm8.com","System.Management.Automation.MethodInvocationException: Exception calling ""GetResult"" with ""0"" argument(s): ""The SSL connection could not be established, see inner exception.""
 ---> System.Net.Http.HttpRequestException: The SSL connection could not be established, see inner exception.
 ---> System.IO.IOException: Received an unexpected EOF or 0 bytes from the transport stream.
   at System.Net.Security.SslStream.ReceiveHandshakeFrameAsync[TIOAdapter](CancellationToken cancellationToken)
   a"
"367","书屋漫画","https://www.hhggm.com","失效","NoResultsOrError","0","最新","Dead","","Dead","","https://www.hhggm.com","System.Management.Automation.MethodInvocationException: Exception calling ""GetResult"" with ""0"" argument(s): ""The SSL connection could not be established, see inner exception.""
 ---> System.Net.Http.HttpRequestException: The SSL connection could not be established, see inner exception.
 ---> System.IO.IOException: Received an unexpected EOF or 0 bytes from the transport stream.
   at System.Net.Security.SslStream.ReceiveHandshakeFrameAsync[TIOAdapter](CancellationToken cancellationToken)
   a"
"368","砂之船漫画","https://www.szcdmj.com","部分可用","NoResultsOrError","0","连载","Reachable","301","Reachable","301","https://www.szcdmj.com/",""
"369","看妹子漫画","https://www.kanmeizi.cc","部分可用","NoResultsOrError","0","全部","Reachable","302","Reachable","200","https://www.kanmeizi.cc/",""
"370","CocoManga","https://cocomanga.xyz","部分可用","NoResultsOrError","0","最新发布","Dead","","Reachable","200","https://cocomanga.xyz/","System.Management.Automation.MethodInvocationException: Exception calling ""GetResult"" with ""0"" argument(s): ""The SSL connection could not be established, see inner exception.""
 ---> System.Net.Http.HttpRequestException: The SSL connection could not be established, see inner exception.
 ---> System.IO.IOException: Received an unexpected EOF or 0 bytes from the transport stream.
   at System.Net.Security.SslStream.ReceiveHandshakeFrameAsync[TIOAdapter](CancellationToken cancellationToken)
   a"
"371","COMICO","http://www.comico.com.tw","部分可用","NoResultsOrError","0","男性排行榜","Blocked","","Blocked","","http://www.comico.com.tw","System.Management.Automation.MethodInvocationException: Exception calling ""GetResult"" with ""0"" argument(s): ""An error occurred while sending the request.""
 ---> System.Net.Http.HttpRequestException: An error occurred while sending the request.
 ---> System.Net.Http.HttpIOException: The response ended prematurely. (ResponseEnded)
   at System.Net.Http.HttpConnection.SendAsync(HttpRequestMessage request, Boolean async, CancellationToken cancellationToken)
   --- End of inner exception stack tr"
"372","Toptoon","https://m.toptoon.vip","失效","NoResultsOrError","0","连载","Dead","","Dead","","https://m.toptoon.vip","System.Management.Automation.MethodInvocationException: Exception calling ""GetResult"" with ""0"" argument(s): ""The SSL connection could not be established, see inner exception.""
 ---> System.Net.Http.HttpRequestException: The SSL connection could not be established, see inner exception.
 ---> System.IO.IOException: Received an unexpected EOF or 0 bytes from the transport stream.
   at System.Net.Security.SslStream.ReceiveHandshakeFrameAsync[TIOAdapter](CancellationToken cancellationToken)
   a"
"373","Rawdevart","https://rawdevart.com","部分可用","NoResultsOrError","0","Lastest","Reachable","200","Reachable","200","https://rawdevart.com/",""
"374","SenManga","https://raw.senmanga.com","部分可用","NoResultsOrError","0","Last Update","Reachable","200","Reachable","200","https://raw.senmanga.com/",""
"375","ViewComics","https://viewcomics.me","部分可用","NoResultsOrError","0","Ongoing","Reachable","302","Reachable","200","https://viewcomics.me/",""
"376","MangaRaw","https://mangaraw.to/","部分可用","NoResultsOrError","0","トップ","Reachable","200","Reachable","200","https://mangaraw.to/",""
"377","ComicK","https://comick.top","部分可用","NoResultsOrError","0","トップ","Reachable","200","Reachable","200","https://comick.top/",""
"378","Rawkuma","https://rawkuma.net","可用","BrowseWorks","20","Updated","Reachable","200","Reachable","200","https://rawkuma.net/",""
"379","KumaScans","https://kumascans.com","部分可用","NoResultsOrError","0","Update","Reachable","200","Reachable","200","https://kumascans.com/",""
"380","Retsu","https://retsu.org","失效","SkippedNetwork","0","Manga","Dead","","Dead","","https://retsu.org","System.Management.Automation.MethodInvocationException: Exception calling ""GetResult"" with ""0"" argument(s): ""The SSL connection could not be established, see inner exception.""
 ---> System.Net.Http.HttpRequestException: The SSL connection could not be established, see inner exception.
 ---> System.Security.Authentication.AuthenticationException: Authentication failed because the remote party sent a TLS alert: 'InternalError'.
 ---> System.ComponentModel.Win32Exception (0x80090326): 接收到的消息异常，或"
"381","KissAway","https://klz9.com","可用","BrowseWorks","20","最新更新","Blocked","200","Blocked","200","https://klz9.com/",""
"382","KLManga","https://klmanga.cam","可用","BrowseWorks","12","Manga Raw","Reachable","200","Reachable","200","https://klmanga.work/",""
"383","MangaDex","https://mangadex.org","可用","BrowseWorks","6","全部","Blocked","200","Blocked","200","https://mangadex.org/",""
"384","MangaHasu","https://mangahasu.se","部分可用","NoResultsOrError","0","Lastest releases","Blocked","200","Blocked","200","https://mangahasu.se/",""
"385","Reaper Scans","https://reaperscans.com","失效","SkippedNetwork","0","Last Update","Dead","","Dead","","https://reaperscans.com","System.Management.Automation.MethodInvocationException: Exception calling ""GetResult"" with ""0"" argument(s): ""The request was canceled due to the configured HttpClient.Timeout of 12 seconds elapsing.""
 ---> System.Threading.Tasks.TaskCanceledException: The request was canceled due to the configured HttpClient.Timeout of 12 seconds elapsing.
 ---> System.TimeoutException: The operation was canceled.
 ---> System.Threading.Tasks.TaskCanceledException: The operation was canceled.
 ---> System.IO"
"386","Toonily","https://toonily.net","失效","NoResultsOrError","0","HOME","Dead","","Dead","","https://toonily.net","System.Management.Automation.MethodInvocationException: Exception calling ""GetResult"" with ""0"" argument(s): ""The SSL connection could not be established, see inner exception.""
 ---> System.Net.Http.HttpRequestException: The SSL connection could not be established, see inner exception.
 ---> System.IO.IOException: Received an unexpected EOF or 0 bytes from the transport stream.
   at System.Net.Security.SslStream.ReceiveHandshakeFrameAsync[TIOAdapter](CancellationToken cancellationToken)
   a"
"387","WebtoonXYZ","https://www.webtoon.xyz","部分可用","NoResultsOrError","0","ALL","Blocked","403","Blocked","403","https://www.webtoon.xyz/",""
"388","Shield Manga","https://shieldmanga.club","部分可用","NoResultsOrError","0","Action","Reachable","200","Reachable","200","https://shieldmanga.club/",""
"389","365Manga","https://365manga.com","部分可用","NotTestedNoCategory","0","","Reachable","200","Reachable","200","https://365manga.com/",""
"390","MangaSum","https://mangasum.com","部分可用","NoResultsOrError","0","All genres","Dead","","Reachable","200","https://mangasum.com/","System.Management.Automation.MethodInvocationException: Exception calling ""GetResult"" with ""0"" argument(s): ""The SSL connection could not be established, see inner exception.""
 ---> System.Net.Http.HttpRequestException: The SSL connection could not be established, see inner exception.
 ---> System.IO.IOException: Received an unexpected EOF or 0 bytes from the transport stream.
   at System.Net.Security.SslStream.ReceiveHandshakeFrameAsync[TIOAdapter](CancellationToken cancellationToken)
   a"
"391","MyReadingManga","https://myreadingmanga.info","部分可用","NoResultsOrError","0","Manga","Blocked","403","Blocked","403","https://myreadingmanga.info/",""
"392","MangaRock","http://mangarock.club","部分可用","NoResultsOrError","0","Latest Manga","Reachable","200","Reachable","200","http://mangarock.club/",""
"393","MangaHatachi","https://hachimanga.com","部分可用","NoResultsOrError","0","ホーム ","Reachable","302","Reachable","200","https://hachimanga.com/",""
"394","MangaBat","https://m.mangabat.com","部分可用","NoResultsOrError","0","Lastest","Reachable","200","Reachable","200","https://emojilar.com/",""
"395","MangaToro","https://mangatoro.com","部分可用","NoResultsOrError","0","Last updated","Dead","","Reachable","200","https://mangatoro.com/","System.Management.Automation.MethodInvocationException: Exception calling ""GetResult"" with ""0"" argument(s): ""The SSL connection could not be established, see inner exception.""
 ---> System.Net.Http.HttpRequestException: The SSL connection could not be established, see inner exception.
 ---> System.IO.IOException: Received an unexpected EOF or 0 bytes from the transport stream.
   at System.Net.Security.SslStream.ReceiveHandshakeFrameAsync[TIOAdapter](CancellationToken cancellationToken)
   a"
"396","ReadComicsOnline","https://readcomicsonline.ru","部分可用","NoResultsOrError","0","Latest","Blocked","403","Blocked","403","https://readcomicsonline.ru/",""
"397","MangaOwl","https://mangaowl.net","部分可用","NoResultsOrError","0","4 koma","Dead","","Reachable","200","https://mangaowl.net/","System.Management.Automation.MethodInvocationException: Exception calling ""GetResult"" with ""0"" argument(s): ""The SSL connection could not be established, see inner exception.""
 ---> System.Net.Http.HttpRequestException: The SSL connection could not be established, see inner exception.
 ---> System.IO.IOException: Received an unexpected EOF or 0 bytes from the transport stream.
   at System.Net.Security.SslStream.ReceiveHandshakeFrameAsync[TIOAdapter](CancellationToken cancellationToken)
   a"
"398","MangaKakalot","https://mangakakalot.com","部分可用","NoResultsOrError","0","ALL","Blocked","403","Blocked","403","https://mangakakalot.com/",""
"399","Manganelo","https://manganelo.com","部分可用","NoResultsOrError","0","Newest","Blocked","403","Blocked","403","https://manganelo.com/",""
"400","Mangahere","http://mangahere.today","部分可用","NoResultsOrError","0","Lastest","Reachable","200","Reachable","200","https://kitenugui.com/r/3vmp7lDbpXyxGFDPcCeF-h0_vv4ToI4GJ4CrLP_4C7TipAme7hFSMj2KxnOX5ZKzUyuFkQ2ZxYGHck94iAHsnPA00duzD9oF3luyLAG29sKQMIFqUjQCU32oYgK-djohtOof_0ChbBUUNCTqvV-yLlpCKzcsmfm4CyvSwId_0l-kXuBfFBS5udP8Q2urD-gAt2d5Ot3XjExMcTZoZ8iKPACetvcLJhrkniOJLWlNmxdIeeYxYkBt4On6lY1XJLIifFXGuMp9VSUL7Bei-kpNRRAPVSf_izU8jlvhSLpvogO5gIg2sYtZA9mTxelr_R-8o18E6E6He2vRtKxNSRsV1RiklD8GfUTDidtGceaIOl8QpgNLC_xfp1_DyMEZ-o_bCmJkZC9tVEE2lTcEikJhQZwelmo2_KrLVjmamJC-LLfYv6mDwzy-6V5x2WXnKjNT",""
"401","LoveHug","https://weloma.art","可用","BrowseWorks","20","Most views","Dead","","Blocked","200","https://weloma.net/","System.Management.Automation.MethodInvocationException: Exception calling ""GetResult"" with ""0"" argument(s): ""The SSL connection could not be established, see inner exception.""
 ---> System.Net.Http.HttpRequestException: The SSL connection could not be established, see inner exception.
 ---> System.IO.IOException: Received an unexpected EOF or 0 bytes from the transport stream.
   at System.Net.Security.SslStream.ReceiveHandshakeFrameAsync[TIOAdapter](CancellationToken cancellationToken)
   a"
"402","Isekaiscan","https://isekaiscan.com","部分可用","NoResultsOrError","0","Lastest","Reachable","200","Reachable","200","https://isekaiscan.com/",""
"403","剧能玩","http://appserver.jnwtv.com:8080","失效","SkippedNetwork","0","榜单-畅销榜","Dead","","Dead","","http://appserver.jnwtv.com:8080","System.Management.Automation.MethodInvocationException: Exception calling ""GetResult"" with ""0"" argument(s): ""The request was canceled due to the configured HttpClient.Timeout of 12 seconds elapsing.""
 ---> System.Threading.Tasks.TaskCanceledException: The request was canceled due to the configured HttpClient.Timeout of 12 seconds elapsing.
 ---> System.TimeoutException: The operation was canceled.
 ---> System.Threading.Tasks.TaskCanceledException: The operation was canceled.
 ---> System.IO"
"404","杂志迷","https://android2024.zazhimi.net","部分可用","SkippedNetwork","0","热门","Reachable","200","Reachable","200","https://android2024.zazhimi.net/",""
"405","次元小镇","https://dimtown.com","部分可用","SkippedNetwork","0","摄影","Blocked","403","Blocked","403","https://dimtown.com/",""
"406","堆糖图库","https://www.duitang.com","部分可用","SkippedNetwork","0","壁纸","Reachable","200","Dead","","https://www.duitang.com","System.Management.Automation.MethodInvocationException: Exception calling ""GetResult"" with ""0"" argument(s): ""The request was canceled due to the configured HttpClient.Timeout of 12 seconds elapsing.""
 ---> System.Threading.Tasks.TaskCanceledException: The request was canceled due to the configured HttpClient.Timeout of 12 seconds elapsing.
 ---> System.TimeoutException: The operation was canceled.
 ---> System.Threading.Tasks.TaskCanceledException: The operation was canceled.
 ---> System.IO"
"407","哔哩相簿","https://h.bilibili.com","可用","BrowseWorks","1","首页","Reachable","200","Reachable","200","https://h.bilibili.com/",""
"408","美桌网","http://www.win4000.com","部分可用","NoResultsOrError","0","风景","Reachable","200","Reachable","200","http://www.win4000.com/",""
"409","萌图社","https://moetu.club","部分可用","SkippedNetwork","0","全部","Reachable","200","Reachable","200","https://moetu.club/",""
"410","瞎扯","https://xcxsd.org","失效","SkippedNetwork","0","养眼图片","Dead","","Dead","","https://xcxsd.org","System.Management.Automation.MethodInvocationException: Exception calling ""GetResult"" with ""0"" argument(s): ""The SSL connection could not be established, see inner exception.""
 ---> System.Net.Http.HttpRequestException: The SSL connection could not be established, see inner exception.
 ---> System.IO.IOException: Received an unexpected EOF or 0 bytes from the transport stream.
   at System.Net.Security.SslStream.ReceiveHandshakeFrameAsync[TIOAdapter](CancellationToken cancellationToken)
   a"
"411","Ammmi二次元","https://www.ammmi.com","失效","SkippedNetwork","0","动漫图片","Dead","","Dead","","https://www.ammmi.com","System.Management.Automation.MethodInvocationException: Exception calling ""GetResult"" with ""0"" argument(s): ""The SSL connection could not be established, see inner exception.""
 ---> System.Net.Http.HttpRequestException: The SSL connection could not be established, see inner exception.
 ---> System.IO.IOException: Received an unexpected EOF or 0 bytes from the transport stream.
   at System.Net.Security.SslStream.ReceiveHandshakeFrameAsync[TIOAdapter](CancellationToken cancellationToken)
   a"
"412","叽哩叽哩","https://www.jiligame.com","失效","SkippedNetwork","0","二次元美图","Dead","","Dead","","https://www.jiligame.com","System.Management.Automation.MethodInvocationException: Exception calling ""GetResult"" with ""0"" argument(s): ""The SSL connection could not be established, see inner exception.""
 ---> System.Net.Http.HttpRequestException: The SSL connection could not be established, see inner exception.
 ---> System.IO.IOException: Received an unexpected EOF or 0 bytes from the transport stream.
   at System.Net.Security.SslStream.ReceiveHandshakeFrameAsync[TIOAdapter](CancellationToken cancellationToken)
   a"
"413","和邪社","https://www.hexieshe.cn","失效","NoResultsOrError","0","图毒生灵","Dead","","Dead","","https://www.hexieshe.cn","System.Management.Automation.MethodInvocationException: Exception calling ""GetResult"" with ""0"" argument(s): ""The SSL connection could not be established, see inner exception.""
 ---> System.Net.Http.HttpRequestException: The SSL connection could not be established, see inner exception.
 ---> System.IO.IOException: Received an unexpected EOF or 0 bytes from the transport stream.
   at System.Net.Security.SslStream.ReceiveHandshakeFrameAsync[TIOAdapter](CancellationToken cancellationToken)
   a"
"414","绝对领域","http://www.jdlingyu.com","需要登录","NoResultsOrError","0","绅士好物","Login","200","Login","200","https://www.jdlingyu.com/",""
"415","Cosplay啦","http://ciyuandao.com/photo","可用","BrowseWorks","20","COS正片","Reachable","200","Dead","","http://ciyuandao.com/photo","System.Management.Automation.MethodInvocationException: Exception calling ""GetResult"" with ""0"" argument(s): ""The request was canceled due to the configured HttpClient.Timeout of 12 seconds elapsing.""
 ---> System.Threading.Tasks.TaskCanceledException: The request was canceled due to the configured HttpClient.Timeout of 12 seconds elapsing.
 ---> System.TimeoutException: The operation was canceled.
 ---> System.Threading.Tasks.TaskCanceledException: The operation was canceled.
 ---> System.IO"
"416","唯美女生","https://www.vmgirls.com","部分可用","NoResultsOrError","0","小清新","Reachable","200","Reachable","200","https://forsale.godaddy.com/forsale/vmgirls.com?traffic_id=GoDaddy_DLS&traffic_type=TDFS&utm_campaign=TDFS_GoDaddy_DLS&utm_medium=sn_affiliate_click&utm_source=TDFS",""
"417","秀人集","http://98.987328.xyz","部分可用","SkippedNetwork","0","最近更新","Blocked","","Blocked","","http://98.987328.xyz","System.Management.Automation.MethodInvocationException: Exception calling ""GetResult"" with ""0"" argument(s): ""An error occurred while sending the request.""
 ---> System.Net.Http.HttpRequestException: An error occurred while sending the request.
 ---> System.Net.Http.HttpIOException: The response ended prematurely. (ResponseEnded)
   at System.Net.Http.HttpConnection.SendAsync(HttpRequestMessage request, Boolean async, CancellationToken cancellationToken)
   --- End of inner exception stack tr"
"418","唯一图库","http://www.mmonly.cc","可用","BrowseWorks","20","美女图片","Reachable","200","Reachable","200","http://www.mmonly.cc/",""
"419","羁绊图库","http://www.005.tv","部分可用","NoResultsOrError","0","动漫美图","Blocked","","Blocked","","http://www.005.tv","System.Management.Automation.MethodInvocationException: Exception calling ""GetResult"" with ""0"" argument(s): ""An error occurred while sending the request.""
 ---> System.Net.Http.HttpRequestException: An error occurred while sending the request.
 ---> System.Net.Http.HttpIOException: The response ended prematurely. (ResponseEnded)
   at System.Net.Http.HttpConnection.SendAsync(HttpRequestMessage request, Boolean async, CancellationToken cancellationToken)
   --- End of inner exception stack tr"
"420","必应壁纸","https://bing.ioliu.cn","部分可用","NoResultsOrError","0","最新","Reachable","200","Reachable","200","https://bing.ioliu.cn/",""
"421","安卓壁纸","http://service.picasso.adesk.com","失效","SkippedNetwork","0","壁纸","Dead","404","Dead","404","http://service.picasso.adesk.com/",""
"422","轻小说文库（轻小说）","https://www.wenku8.cc","可用","BrowseWorks","20","电击文库","Blocked","403","Blocked","403","https://www.wenku8.net/",""
"423","哔哩轻漫画","https://www.bilimanga.net","可用","BrowseWorks","20","最近更新","Reachable","200","Reachable","200","https://www.bilimanga.net/",""
"424","神凑轻小说（轻小说）","https://m.shencou.com","可用","BrowseWorks","20","电击文库","Blocked","403","Blocked","403","https://m.shencou.com/",""
"425","ESJ轻小说（轻小说）","https://www.esjzone.cc","部分可用","NoResultsOrError","0","全部","Blocked","200","Blocked","200","https://www.esjzone.cc/",""
"426","香香腐宅（轻小说）","https://boyloveheaven13.cc","可用","BrowseWorks","20","每日更新","Dead","","Reachable","200","https://boylove.cc/","System.Management.Automation.MethodInvocationException: Exception calling ""GetResult"" with ""0"" argument(s): ""The SSL connection could not be established, see inner exception.""
 ---> System.Net.Http.HttpRequestException: The SSL connection could not be established, see inner exception.
 ---> System.IO.IOException: Received an unexpected EOF or 0 bytes from the transport stream.
   at System.Net.Security.SslStream.ReceiveHandshakeFrameAsync[TIOAdapter](CancellationToken cancellationToken)
   a"
"427","拷贝轻小说（轻小说）","https://www.copy4000.com/h5/discover","可用","BrowseWorks","20","最新","Reachable","200","Reachable","200","https://www.copy4000.com/h5/discover",""
"428","真白萌轻小说（轻小说）","https://masiro.me","需要登录","SkippedNetwork","0","全部小说","Login","403","Login","403","https://masiro.me/admin/auth/login",""
"429","SF轻小说（轻小说）","https://m.sfacg.com","可用","BrowseWorks","6","更新","Reachable","200","Reachable","200","https://m.sfacg.com/",""
"430","樱花动漫ACD（动画）","http://m.yinghuadm.io","可用","BrowseWorks","20","日本动漫","Reachable","200","Reachable","200","http://m.yinghuadm.io/",""
"431","AGE动漫（动画）","https://www.agemys.org","失效","SkippedNetwork","0","更新时间","Dead","","Dead","","https://www.agemys.org","System.Management.Automation.MethodInvocationException: Exception calling ""GetResult"" with ""0"" argument(s): ""The SSL connection could not be established, see inner exception.""
 ---> System.Net.Http.HttpRequestException: The SSL connection could not be established, see inner exception.
 ---> System.Security.Authentication.AuthenticationException: The remote certificate is invalid because of errors in the certificate chain: NotTimeValid
   at System.Net.Security.SslStream.CompleteHandshake(SslA"
"432","NT动漫（动画）","http://www.ntdm.tv","部分可用","NoResultsOrError","0","每日更新","Blocked","","Blocked","","http://www.ntdm.tv","System.Management.Automation.MethodInvocationException: Exception calling ""GetResult"" with ""0"" argument(s): ""An error occurred while sending the request.""
 ---> System.Net.Http.HttpRequestException: An error occurred while sending the request.
 ---> System.Net.Http.HttpIOException: The response ended prematurely. (ResponseEnded)
   at System.Net.Http.HttpConnection.SendAsync(HttpRequestMessage request, Boolean async, CancellationToken cancellationToken)
   --- End of inner exception stack tr"
"433","OmoFun动漫（动画）","https://www.omofuns.com","可用","BrowseWorks","20","日漫","Reachable","200","Reachable","200","https://www.omofuns.com/",""
"434","囧次元（动画）","http://tv.yy-fun.cc","部分可用","NoResultsOrError","0","最新","Blocked","","Blocked","","http://tv.yy-fun.cc","System.Management.Automation.MethodInvocationException: Exception calling ""GetResult"" with ""0"" argument(s): ""An error occurred while sending the request.""
 ---> System.Net.Http.HttpRequestException: An error occurred while sending the request.
 ---> System.Net.Http.HttpIOException: The response ended prematurely. (ResponseEnded)
   at System.Net.Http.HttpConnection.SendAsync(HttpRequestMessage request, Boolean async, CancellationToken cancellationToken)
   --- End of inner exception stack tr"
"435","曼波动画（动画）","https://app.omofun1.top","失效","NoResultsOrError","0","最新","Dead","","Dead","","https://app.omofun1.top","System.Management.Automation.MethodInvocationException: Exception calling ""GetResult"" with ""0"" argument(s): ""The SSL connection could not be established, see inner exception.""
 ---> System.Net.Http.HttpRequestException: The SSL connection could not be established, see inner exception.
 ---> System.IO.IOException: Received an unexpected EOF or 0 bytes from the transport stream.
   at System.Net.Security.SslStream.ReceiveHandshakeFrameAsync[TIOAdapter](CancellationToken cancellationToken)
   a"
"436","MiFun动画（动画）","https://ios.mifun.org","可用","BrowseWorks","20","最新","Reachable","200","Reachable","200","https://ios.mifun.org/",""
"437","爱云影视（动画）","https://www.iyunys.com","部分可用","NoResultsOrError","0","更新","Reachable","200","Reachable","200","https://www.iyunys.com/",""
"438","小霸王（游戏）","https://www.yikm.net","可用","BrowseWorks","20","FC","Reachable","200","Reachable","200","https://www.yikm.net/",""
